Category,Press,Title,Link,Content
모바일,연합뉴스,"[게시판] 티맵모빌리티, 17일 데이터·AI 활용 성장 전략 세미나",https://n.news.naver.com/mnews/article/001/0014968822,▲ 티맵모빌리티가 오는 17일 서울 마포구 프론트원에서 틱택코리아와 '2천만 T맵(MAP) 데이터와 AI를 활용한 비즈니스 성장 전략' 세미나를 개최한다. 세미나에서는 T맵 플랫폼을 통해 생성된 다양한 데이터들이 기
모바일,서울경제,"방통위 김태규 ""구글·애플 반독점 행위, 단호한 규제 필요""",https://n.news.naver.com/mnews/article/011/0004400022,김태규 방송통신위원장 직무대행이 국회 과학기술정보방송통신위원회 국정감사에 참석해 국내에서의 구글과 애플 등 글로벌 빅테크들의 반독점 행위에 대해 단호한 대응을 예고했다. 또 공정거래위원회의 이동통신 3사에 대한 담합
모바일,지디넷코리아,"삼성, 구형 갤럭시폰 '무한 리부팅' 오류 긴급 수정 진행 중",https://n.news.naver.com/mnews/article/092/0002347789,삼성전자가 구형 갤럭시 폰에서 ‘스마트싱스’ 앱을 업데이트할 경우 무한 재부팅되는 문제를 파악하고 긴급 수정 작업을 진행하고 있다고 샘모바일 등 외신들이 최근 보도했다. '스타트싱스'는 삼성 가전제품을 원격제어할 수
모바일,매일경제,“국정감사 단골손님 또 납시오”...툭하면 불려가는 삼성전자 스마트폰 수장,https://n.news.naver.com/mnews/article/009/0005375330,노태문 삼성전자 MX사업부장(사장)이 올해도 국정감사 참고인 자격으로 소환됐다. 국감 시즌 때마다 툭하면 거론되는 노 사장이 오는 8일 과학기술정보통신부 국정감사에 출석할 지 관심이 쏠린다. 7일 국회에 따르면 과학
모바일,뉴시스,"이진숙 방통위원장, 7일 오후 과방위 국감 출석할 듯",https://n.news.naver.com/mnews/article/003/0012824144,이진숙 방송통신위원회 위원장(직무정지)이 국회 과학기술정보방송통신위원회 국정감사에 뒤늦게 증인으로 출석하기로 했다. 당초 오전 중 방통위 관련 질의에 대응하던 김태규 방통위원장 직무대행이 가족 부고로 인해 이석한 만
모바일,지디넷코리아,"10월말 공개되는 M4 맥, 주목되는 5가지 특징은",https://n.news.naver.com/mnews/article/092/0002347767,"애플이 이번 달 말 새로운 M4칩 기반 맥 제품을 공개할 예정이다. 6일(현지시간) 블룸버그 통신 보도에 따르면, 애플은 이번 달 말 M4 기반 맥북 프로를 비롯해 아이패드 미니7, M4·M4 프로 칩 탑재 맥 미니"
모바일,뉴시스,"김태규 방통위원장 직대, 빙부상에 오후 국감 불출석",https://n.news.naver.com/mnews/article/003/0012824095,김태규 방송통신위원장 직무대행이 7일 빙부상을 당해 오후 국회 과학기술정보방송통신위원회 국정감사에 불참한다. 김 직무대행은 이날 오전 국감에 피감기관 증인으로 참석했다. 그러다 부고 소식을 접한 뒤 과방위에 내용을
모바일,뉴스1,사고·실종돼도 아이폰 GPS 정보 제공 안해…삼성폰과 대조적,https://n.news.naver.com/mnews/article/421/0007828736,최근 애플이 '나의 찾기' 서비스를 국내 시장에 서비스하기로 했지만 긴급 구조시 소방청과 경찰 요청에도 사용자 GPS 정보를 제공하지 않는 것으로 드러났다. 7일 국회 과학기술정보방송통신위원회 소속 최수진 국민의힘
모바일,연합뉴스,제주 여름 관광 소개 틱톡 영상물들 500만뷰 넘어,https://n.news.naver.com/mnews/article/001/0014968438,제주도 틱톡 홍보대사 7명 17개 영상 여름 제주 관광을 소개한 인플루언서의 틱톡 영상이 누적 500만 뷰 이상을 기록했다. 7일 제주도에 따르면 지난 7월 중순 '제주관광 틱톡 홍보 대사' 7명이 제작한 제주 여름
모바일,매일경제,“얇아지는데 화면은 커졌네”...출시 임박한 갤럭시 폴드 슬림 살펴보니,https://n.news.naver.com/mnews/article/009/0005375223,삼성전자가 이달 선보일 신제품 ‘갤럭시 폴드6 슬림’ 출시가 임박하면서 소비자들의 관심이 더 얇아질 갤럭시에 쏠리고 있다. 7일 관련 업계에 따르면 삼성전자는 이달 중국과 한국에서 ‘갤럭시Z폴드 6 슬림’(가칭)을
모바일,뉴시스,"[국감]김태규 방통위원장 직대 ""이통 3사 '담합 의혹', 공정위와 교통정리하겠다""",https://n.news.naver.com/mnews/article/003/0012823713,윤현성 심지혜 최은수 기자 = 김태규 방송통신위원회 위원장 직무대행이 이동통신 3사의 '담합 의혹' 문제를 두고 공정거래위원회와 교통정리를 하겠다고 밝혔다. 김 직무대행은 7일 진행된 국회 과학기술정보방송통신위원회
모바일,뉴시스,"[국감] ""메타, 이용자보호 평가 3년 연속 최하위…방통위, 제도개선 필요""",https://n.news.naver.com/mnews/article/003/0012823708,"방송통신위원회가 페이스북, 인스타그램을 운영하는 메타가 이용자 보호 업무 평가 검색·소셜미디어(SNS) 분야에서 3년 연속 최하위 평가를 받았음에도 별다른 조치를 취하지 않았다는 지적이 국회에서 제기됐다. 국회 과학"
모바일,뉴시스,"""애플, '나의 찾기' 도입했지만…긴급구조시 GPS 정보 미제공""",https://n.news.naver.com/mnews/article/003/0012823583,애플이 내년 봄부터 '나의 찾기' 서비스를 제공하기로 했지만 긴급구조 상황에서 GPS(전지구 위치파악 시스템) 위치정보는 제공하지 않고 있다는 지적이 제기됐다. 7일 국회 과학기술정보방송통신위원회 소속 국민의힘 최수
모바일,파이낸셜뉴스,"정부, “中 틱톡, 정보통신망법 위반 가능성 있다”…점검 착수",https://n.news.naver.com/mnews/article/014/0005249826,정부가 중국 숏폼(짧은 영상) 어플리케이션 '틱톡'의 개인정보보호법과 정보통신망법 위반 가능성에 대한 점검에 착수했다. 7일 정보통신업계와 관계 당국 등에 따르면 방송통신위원회는 틱톡이 정보통신망법을 위반했다고 보고
모바일,뉴시스,"[국감]과방위 野 ""이진숙 방통위원장, 국감 증인 불출석시 동행명령장 발부할 것""",https://n.news.naver.com/mnews/article/003/0012823429,국회의 탄핵소추안 가결로 직무가 정지된 이진숙 방송통신위원회 위원장이 과학기술정보방송통신위원회 국정감사 증인 출석 요청에 대해 불출석 사유서를 제출한 것으로 나타났다. 과방위 소속 황정아 더불어민주당 의원은 7일 열
모바일,매일경제,"모빌리티 보안 역량 강화한다....현대오토에버, ‘사이버 시큐리티 사업부’ 출범",https://n.news.naver.com/mnews/article/009/0005375140,"현대오토에버는 모빌리티 보안 영역에서 차별화된 경쟁력을 극대화하기 위해 기존 정보보안센터를 ‘사이버 시큐리티 사업부’로 격상해 출범했다고 7일 밝혔다. 인력 규모는 200여명이다. 이날 현대오토에버에 따르면, 사이버"
모바일,뉴시스,"[국감]공정위, '가격담합' 이통 3社 최대 5.5조 과징금 제재 추진…""방통위 따른 것인데…""",https://n.news.naver.com/mnews/article/003/0012823224,공정거래위원회가 판매장려금과 거래조건 등을 담합했다는 혐의로 이동통신3사에 과징금을 최대 5조5000억원 부과하는 의견을 내부적으로 정한 것으로 확인됐다. 7일 국회 과학기술정보방송통신위원회 소속 국민의힘 최수진 의
모바일,연합뉴스,"정부 ""中 틱톡, 정보통신망법 위반 가능성 있어…조처할 것""(종합)",https://n.news.naver.com/mnews/article/001/0014967890,"방통위 ""틱톡, 광고수신 명시적 사전동의 안 거쳐 위법 가능성"" 개인정보위 ""틱톡 개인정보법 위반 가능성 점검 착수"" 우리 정부가 중국 숏폼(짧은 영상) 앱 '틱톡'의 개인정보보호법과 정보통신망법 위반 가능성에 대한"
모바일,연합뉴스,"""'나의 찾기' 뒤늦은 도입 애플, 긴급구조시 GPS 정보 미제공""",https://n.news.naver.com/mnews/article/001/0014967886,"""긴급구조 위치 정확도 GPS·와이파이 방식 SKT 1위, 기지국은 KT"" 애플이 그동안 국내에서 쓸 수 없던 '나의 찾기' 기능을 내년 봄 도입한다고 밝혔지만, 긴급 인명 구조 상황에서 경찰·소방 등 구조 당국이"
모바일,뉴시스,"김태규 방통위원장 직대 ""뉴스제휴 평가기구 공정성 제고""",https://n.news.naver.com/mnews/article/003/0012823158,"김태규 방송통신위원회 위원 및 위원장 직무대행이 ""미디어 공공성 재정립을 위해 뉴스제휴 평가기구의 공정성을 제고하고 알고리즘 투명성을 확보해 포털뉴스 서비스의 신뢰성과 투명성을 높이겠다""고 7일 말했다. 김 직무대행"
모바일,머니투데이,"네이버, 짝퉁 쇼핑몰 월 1000개 사전 차단…사전탐지 대응률 90%",https://n.news.naver.com/mnews/article/008/0005097390,네이버(NAVER)가 7일 구매자 신뢰도와 거래 안전성을 높이기 위한 △위조 상품 유통 방지를 위한 3단계 대응 강화 △어린이 및 생활화학 제품군 중심 위해 상품 모니터링 강화 △직거래 유도 등 비정상적 거래 활동
모바일,머니투데이,"카카오모빌리티, 대한적십자사와 자립준비청년 돕는다",https://n.news.naver.com/mnews/article/008/0005097371,카카오모빌리티가 대한적십자사와 손잡고 건전한 나눔문화의 확산을 위한 MOU(업무협약)를 체결했다고 7일 밝혔다. 카카오모빌리티와 대한적십자사는 지난달 27일 판교 카카오모빌리티 본사에서 '나눔의 사회적 가치 실현을
모바일,서울경제,"SK C&C, 중소기업 ISO 인증 획득·갱신 지원",https://n.news.naver.com/mnews/article/011/0004399859,SK C&C가 중소기업들에게 ISO 인증 획득과 유지 관련 부담을 덜어주는 맞춤형 디지털 컨설팅 서비스 ‘Click ISO(클릭 아이에스오)’ 플랫폼을 출시한다고 7일 밝혔다. SK C&C는 이 플랫폼 개발을 위해
모바일,연합뉴스,"정부, 틱톡 개인정보법 위반 가능성 점검 착수",https://n.news.naver.com/mnews/article/001/0014967760,우리 정부가 개인정보 침해 논란을 빚는 중국 숏폼(짧은 영상) 앱 '틱톡'의 개인정보보호법 위반 가능성에 대한 점검에 착수했다. 7일 정보통신업계와 관계당국 등에 따르면 개보위은 최근 틱톡의 개인정보보호법 위반 사항
모바일,지디넷코리아,"교원웰스, '웰스 공기청정기 토네이도 18평형' 출시",https://n.news.naver.com/mnews/article/092/0002347691,"교원웰스가 '웰스 공기청정기 토네이도 18평형'을 출시한다고 7일 밝혔다. 기존 22평형, 26평형, 30평형, 34평형 등 4개 모델에 10평형대 모델을 추가해 '웰스 공기청정기 토네이도' 라인업을 총 5개로 늘려"
모바일,매일경제,전세계 AI 석학·기업가 서울에 모인다...내달 ‘SK AI 서밋 2024’ 개최,https://n.news.naver.com/mnews/article/009/0005375102,최태원 SK그룹 회장 주재로 SKT 유영상 등 CEO 총출동 오픈AI 회장 겸 사장도 참석 SK텔레콤은 오는 11월 4일부터 5일까지 서울시 강남구 코엑스에서 ‘SK AI 서밋 2024(SK AI Summit 202
모바일,서울경제,"KT, 오픈소스 소프트웨어 보안 관리 체계 국제 표준 인증 획득",https://n.news.naver.com/mnews/article/011/0004399830,"KT는 오픈소스 소프트웨어 보안 관리 체계 강화를 위한 국제 표준 'ISO/IEC 18974'을 획득했다고 7일 밝혔다. ISO/IEC 18974는 리눅스 재단 산하 오픈체인 프로젝트가 규정한 국제 표준으로, 오픈소"
모바일,연합뉴스,"경남도, 8일부터 카카오톡 채널 '모바일 열린도지사실' 운영",https://n.news.naver.com/mnews/article/001/0014967724,경남도는 오는 8일부터 카카오톡 채널에서 '모바일 열린도지사실'을 운영한다고 7일 밝혔다. 카카오톡에서 '경남 모바일 열린도지사실'을 검색하거나 QR코드를 찍어 접속할 수 있다. 도민이 평일 일과시간(오전 9시∼오후
모바일,뉴시스,"KT, 오픈소스 SW 보안 관리체계 국제 표준 'ISO/IEC 18974' 획득",https://n.news.naver.com/mnews/article/003/0012822970,KT는 오픈소스 소프트웨어 보안 관리 체계 강화를 위한 국제 표준 'ISO/IEC 18974'을 획득했다고 7일 밝혔다. ISO/IEC 18974는 리눅스 재단 산하 '오픈체인 프로젝트'가 규정한 국제 표준이다. 오
모바일,서울경제,"SK텔레콤, 내달 서울서 양일간 'SK AI 서밋 2024' 개최",https://n.news.naver.com/mnews/article/011/0004399822,"SK텔레콤은 오는 11월 4~5일 양일간 서울 강남구 코엑스에서 ‘SK AI 서밋 2024'를 개최한다고 7일 밝혔다. 이번 행사에는 오픈AI 회장 겸 사장 그레그 브로크만과 마이크로소프트 총괄 부사장 라니 보카르,"
인터넷/SNS,이데일리,"알레오, 차별화된 트랜잭션 처리법 '레코드 모델' 공개",https://n.news.naver.com/mnews/article/018/0005852846,블록체인 알레오가 공식 블로그를 통해 차별화된 트랜잭션 처리법 레코드 모델(Record Model)을 공개했다. 레코드 모델은 프라이버시 기능이 있는 블록체인 지캐시(Zcash)의 트랜잭션 처리 방법인 UTXO를 확
인터넷/SNS,비즈워치,"코인원, 선택적 근로시간제 도입…""직원 만족도 향상""",https://n.news.naver.com/mnews/article/648/0000029550,가상자산거래소 코인원이 이달부터 선택적 근로시간제를 도입했다고 7일 밝혔다. 직원 만족도를 높이기 위해 시차출퇴근제로 운영하던 기존 유연근무제를 확대했다. 선택적 근로시간제는 근로시간 내에서 구성원 스스로 월 단위
인터넷/SNS,디지털데일리,"“힙한 텍스트 소개”…카카오, 브런치 콘텐츠 큐레이션 ‘틈’ 시즌2",https://n.news.naver.com/mnews/article/138/0002183821,"카카오의 콘텐츠 사내독립기업(CIC)이 콘텐츠 퍼블리싱 플랫폼 브런치스토리 내 콘텐츠 큐레이션 공간 ‘틈’ 시즌2를 선보인다고 7일 밝혔다. ‘새로운 관점을 향한, 틈’은 특정 어젠다와 관련된 브런치스토리 웰메이드"
인터넷/SNS,이데일리,"리본케어, 삼성노블카운티와 함께 AIoT 기반 시니어 모니터링 서비스 선보여",https://n.news.naver.com/mnews/article/018/0005852821,"주식회사 리본케어는 프리미엄 시니어 주거시설 삼성노블카운티와의 협업을 통해 AIoT 기반 EWS(Early Warning System, 조기 경보 시스템) 서비스의 시니어케어 시장 진출을 본격화하고 있다고 7일 밝혔"
인터넷/SNS,지디넷코리아,"지그재그, 9월 거래액 전년 대비 30% 증가",https://n.news.naver.com/mnews/article/092/0002347799,카카오스타일이 운영하는 스타일 커머스 플랫폼 '지그재그'는 9월 전체 거래액이 전년 동기 대비 약 30% 증가했다고 7일 밝혔다. 지그재그는 9월 두 자릿수의 거래액 성장률을 기록했다. 9월 23일부터 30일까지 거
인터넷/SNS,지디넷코리아,"""개발자 모여""...배민, 테크 컨퍼런스 '우아콘2024' 개최",https://n.news.naver.com/mnews/article/092/0002347798,배달의민족(이하 배민) 운영사 우아한형제들이 이달 30일 서울 강남구 그랜드 인터컨티넨탈 서울 파르나스에서 '우아한테크콘퍼런스2024'(이하 우아콘 2024)를 개최한다. 우아콘은 우아한형제들이 이뤄낸 기술적인 성취
인터넷/SNS,디지털데일리,[국감2024] ‘실검’ 꼼수 재개?…네이버 “회사와 무관…사칭 시 법적 대응 검토”,https://n.news.naver.com/mnews/article/138/0002183818,"-이상휘 의원, 네이버 ‘시그널랩’ 연동 서비스에 “실검 우회 부활” -네이버 “우리와 무관…사칭 있다면 법적 대응 검토” 네이버가 퇴출된 ‘실시간 급상승 검색어(실검)’ 서비스를 꼼수 재개했다는 비판이 제기됐다."
인터넷/SNS,서울경제,"방통위 김태규 ""구글·애플 반독점 행위, 단호한 규제 필요""",https://n.news.naver.com/mnews/article/011/0004400022,김태규 방송통신위원장 직무대행이 국회 과학기술정보방송통신위원회 국정감사에 참석해 국내에서의 구글과 애플 등 글로벌 빅테크들의 반독점 행위에 대해 단호한 대응을 예고했다. 또 공정거래위원회의 이동통신 3사에 대한 담합
인터넷/SNS,연합뉴스,"네이버 ""안심보장 프로그램으로 '짝퉁' 몰 월평균 1천개 차단""",https://n.news.naver.com/mnews/article/001/0014968715,네이버는 올해 구축한 안심보장 프로그램을 통해 월평균 1천개 정도의 위조상품 판매 몰을 사전 차단했다고 7일 밝혔다. 사전탐지 대응률은 90%대를 기록하고 있다. 네이버는 스마트스토어 가입단계부터 위조 상품 판매 이
인터넷/SNS,연합뉴스,"사천시, '여의도 용왕' 김민성 셰프 홍보대사 위촉",https://n.news.naver.com/mnews/article/001/0014968708,경남 사천시는 일식 요리사이자 유명 유튜버인 김민성 셰프를 홍보대사로 위촉됐다고 7일 밝혔다. 김 셰프는 임기 3년 동안 사천시 우수 수산물과 관광자원 등을 적극 알리는 역할을 맡게 된다. '여의도 용왕' 등 별명으
인터넷/SNS,머니투데이,"""광고 활용 OK 해야만 틱톡 사용""…알리·월드코인보다 과징금 더?",https://n.news.naver.com/mnews/article/008/0005097609,"글로벌 숏폼(짧은 동영상) 플랫폼 기업 틱톡의 개인정보보호법령 위반 여부에 대해 국내 당국이 조사에 들어갔다. 개인정보보호위원회 관계자는 7일 머니투데이에 ""틱톡의 개인정보법 위반 사항이 있는지 살펴보고 있다""며 """
인터넷/SNS,지디넷코리아,"카카오모빌리티, 대한적십자사와 나눔문화 확산 위해 맞손",https://n.news.naver.com/mnews/article/092/0002347790,"카카오모빌리티가 대한적십자사와 손잡고 건전한 나눔문화의 확산을 위한 업무협약(MOU)을 체결했다고 7일 밝혔다. 이번 협약에 따라 카카오모빌리티는 카카오 T, 카카오내비 등 회사가 보유하고 있는 플랫폼과 인프라를 활"
인터넷/SNS,지디넷코리아,"유럽연합, 'EU 비즈니스 허브'로 韓-EU기업 교류 지원",https://n.news.naver.com/mnews/article/092/0002347788,유럽 중소기업 및 스타트업의 한국 시장 진출과 교류 확대를 지원하는 프로그램 'EU 비즈니스 허브'가 출시된다. 유럽연합(EU)은 EU 비즈니스 허브를 통해 한국 기업에는 글로벌 비즈니스 기회를 제공하고 유럽 기업에
인터넷/SNS,매일경제,‘흑백요리사’ 넷플릭스·‘프로야구’ 티빙 웃었다,https://n.news.naver.com/mnews/article/009/0005375343,9월 OTT 이용자 넷플릭스·티빙↑...쿠팡·웨이브↓ 요리 경연 ‘흑백요리사’와 가을야구로 접어든 프로야구가 OTT 시장 승부를 갈랐다. 9월 온라인동영상서비스(OTT) 시장에서 넷플릭스와 티빙의 이용자가 증가한 반
인터넷/SNS,비즈워치,"빗썸 '랜덤박스' 출시…""포인트 최대 100배 보상""",https://n.news.naver.com/mnews/article/648/0000029548,"빗썸은 다양한 혜택을 무작위로 받을 수 있는 '랜덤박스' 서비스를 출시했다고 7일 밝혔다. 랜덤박스는 획득 조건과 지급 리워드에 따라 골드박스, 실버박스, 브론즈박스로 나뉜다. 각 랜덤박스는 이용자가 보유한 포인트로"
인터넷/SNS,매일경제,"넷마블-카밤, ‘킹 아서:레전드 라이즈’ 브랜드 페이지 오픈…스토리 직접 경험",https://n.news.naver.com/mnews/article/009/0005375299,넷마블은 북미 자회사 카밤에서 개발 중인 ‘킹 아서: 레전드 라이즈’의 공식 브랜드 페이지를 오픈했다고 7일 밝혔다. ‘킹 아서: 레전드 라이즈’는 수집형 전략 RPG로 이용자들은 게임의 주인공인 아서가 엑스칼리버와
인터넷/SNS,아시아경제,"이상휘 ""네이버, 실시간 검색어 꼼수로 재개…우회적 부활""",https://n.news.naver.com/mnews/article/277/0005480829,"네이버가 퇴출된 '실시간 급상승 검색어' 서비스를 꼼수로 재개, 방송통신위원회의 관리와 감독이 필요하다는 지적이 제기됐다. 7일 국회 과학기술정보방송통신위원회 소속 이상휘 국민의힘 의원은 네이버가 '시그널랩'이라는"
인터넷/SNS,매일경제,“누가 더 노출 화끈하게하나”...1년간 656억원 싹쓸이한 BJ 10명의 정체,https://n.news.naver.com/mnews/article/009/0005375285,아프리카TV에서 활동하는 최상위권 인터넷개인방송인(BJ)들이 실수령한 별풍선 환전액이 공개됐다. 대부분 자극적인 방식으로 과금을 유도해 논란이 된 엑셀 방송 진행자가 막대한 수익을 거둔 것으로 나타나면서 효과적인 규
인터넷/SNS,매일경제,"엑스오푸드빌리지, 서희원 신임 대표 선임",https://n.news.naver.com/mnews/article/009/0005375283,엑스오푸드빌리지는 PC방 컨설팅 전문기업 비앤엠컴퍼니의 서희원 대표를 신임 대표로 선임했다고 7일 밝혔다. 서희원 신임 대표는 PC방 브랜드 디렉터로 농심 레드포스 e스포츠 게임단과 함께 브랜드 PC방 프랜차이즈 ‘
인터넷/SNS,동아일보,푸바오 떠났지만…에버랜드 판다 가족 영상 조회수 2500만 돌파,https://n.news.naver.com/mnews/article/020/0003590917,푸바오가 중국으로 떠났지만 한국에 남은 푸바오 판다 가족들의 인기는 이어지고 있다. 삼성물산 리조트부문 에버랜드는 7일 올해부터 연재한 판다 가족 영상들의 소셜네트워크서비스(SNS) 누적 조회수가 2500만 회를 돌
인터넷/SNS,디지털데일리,"[국감2024] “메타·엑스·구글, 국내 청소년보호책임자 외국인 세워”",https://n.news.naver.com/mnews/article/138/0002183804,인스타그램·페이스북 운영사 메타를 포함한 글로벌 빅테크 기업의 국내 청소년보호책임자가 외국인이라는 의혹이 제기됐다. 유해정보를 차단·관리해야 할 책임자를 외국인으로 배정해 청소년 보호 정책을 유명무실하게 만들었다는
인터넷/SNS,지디넷코리아,"요기요 ""10월 카카오페이 결제시 '요마트' 최대 7천원 할인""",https://n.news.naver.com/mnews/article/092/0002347769,"국내 대표 배달앱 요기요가 장바구니 비용을 절감해 주는 ‘요마트 물가안정 프로젝트’를 진행한다고 7일 밝혔다. 이번 ‘요마트 물가안정 프로젝트'는 10월 31일까지 진행되며, 카카오페이 주문 시 최대 7천원 할인을"
인터넷/SNS,지디넷코리아,"""엘리스클라우드로 모두가 AI 잘 쓰는 환경 조성할 것""",https://n.news.naver.com/mnews/article/092/0002347768,"엘리스그룹이 과학기술정보통신부가 주최하고 한국소프트웨어산업협회(KOSA)가 주관한 '제8회 대한민국디지털미래혁신대상'에서 서울시장상을 수상했다. AI 교육 솔루션 기업 엘리스그룹은 교육 실습 플랫폼 '엘리스LXP',"
인터넷/SNS,매일경제,"“브런치 콘텐츠 엄선해 제공”...카카오, 큐레이션 공간 ‘틈’ 오픈",https://n.news.naver.com/mnews/article/009/0005375272,10주간 매주 새로운 주제로 콘텐츠 큐레이션 첫 주제는 ‘텍스트힙’...책 읽는 문화 다뤄 카카오의 콘텐츠 퍼블리싱 플랫폼 브런치스토리가 콘텐츠 큐레이션 공간 ‘틈’ 시즌2를 선보인다고 7일 밝혔다. ‘틈’은 브런치
인터넷/SNS,디지털데일리,"[국감2024] 네이버‧카카오 불법 금융정보 게시물 시정 요구, 전년비 2배↑",https://n.news.naver.com/mnews/article/138/0002183798,"불법사금융 시장이 온라인 중심으로 활성화하면서 포털 검색을 통한 금융 취약계층 피해가 이어지는 가운데, 올해 네이버의 불법 금융정보 시정요구 건수가 전년 대비 1.8배 증가한 것으로 나타났다. 7일 국회 과학기술정보"
인터넷/SNS,뉴시스,불황? 공항은 북새통…야놀자 해외여행 거래액 5.5배↑,https://n.news.naver.com/mnews/article/003/0012824090,"최근 고물가·고금리 기조로 인해 가계 경제가 어렵다 하지만, 우리 국민들의 해외 관광 수요는 코로나19 이전 수준을 회복한 것으로 조사됐다. 이런 상황을 빠르게 사업에 반영한 야놀자는 올해 3분기 해외여행 거래액을"
인터넷/SNS,지디넷코리아,"카카오메이커스, 부경원예농협과 화훼농가 판로 지원 돕는다",https://n.news.naver.com/mnews/article/092/0002347762,카카오(대표 정신아)의 임팩트커머스 카카오메이커스는 ‘제가버치’의 일환으로 지난 4일 부산광역시 소재의 부경원예농협 본사에서 부경원예농협과 ‘화훼농가 돕기 및 지역경제 활성화를 위한 상생 협약’을 체결했다고 7일 밝
인터넷/SNS,지디넷코리아,위버스에 호주 팝스타 '더 키드 라로이' 커뮤니티 생긴다,https://n.news.naver.com/mnews/article/092/0002347760,글로벌 슈퍼팬 플랫폼 위버스는 호주의 싱어송라이터이자 래퍼인 더 키드 라로이(The Kid LAROI)가 8일 공식 커뮤니티를 출시한다고 7일 밝혔다. 더 키드 라로이는 하이브 아메리카 자회사인 이타카 홀딩스 산하
인터넷/SNS,이데일리,OTT 자체등급분류 법위반 증가추세…넷플릭스 최다 위반[2024국감],https://n.news.naver.com/mnews/article/018/0005852732,"온라인 영상물의 등급분류 심사 지연을 해소하고, 영상산업의 진흥과 육성을 위해 지난해 3월부터 도입된 ‘OTT 자체등급분류제도’가 사업자들의 법률위반과 느슨한 가이드라인 적용으로 인해 제대로 자리 잡지 못하고 있다는"
인터넷/SNS,데일리안,"김태규 “구글·애플 인앱결제 과징금, 방통위 정상화 즉시 부과”",https://n.news.naver.com/mnews/article/119/0002878995,김태규 방송통신위원장 직무대행은 7일 “방통위가 정상화 되면 바로 구글·애플 인앱결제 강제 행위와 관련한 조치를 취하겠다”고 밝혔다. 국회 과학기술정보방송통신위원회 소속 이정헌 더불어민주당 의원이 이날 과방위 국정감
통신/뉴미디어,디지털데일리,"""5060세대 화끈 입담""…HCN  시니어 전문 예능, 첫 화부터 반응 폭발",https://n.news.naver.com/mnews/article/138/0002183822,"HCN은 LG헬로비전, SK브로드밴드, 딜라이브, 베리미디어와 공동제작한 '제2의 결혼전쟁 - 살까말까'가 첫 화부터 시청자에게 뜨거운 반응을 얻고 있다고 7일 밝혔다. '제2의 결혼전쟁 - 살까말까'는 황혼을 맞이"
통신/뉴미디어,뉴스1,"""딥페이크 문제, 사후약방문 대처 안돼…청소년 예방교육 중요""",https://n.news.naver.com/mnews/article/421/0007829115,딥페이크 성 착취물 대처를 영상물 삭제·차단 등 사후관리에서 '예방'으로 전환해야 한다는 지적이 나온다. 특히 성 착취물 생성·유포 상당수가 중·고등학교서 발생한 만큼 청소년 대상 교육이 강화돼야 한다. 7일 이상휘
통신/뉴미디어,뉴스1,"성상품화 논란 아프리카TV 정찬용 대표, 국감 첫날 불출석",https://n.news.naver.com/mnews/article/421/0007829096,아프리카TV(숲·SOOP)의 정찬용 대표가 7일 열린 국회 과학기술정보방송통신위원회에 증인으로 채택됐지만 '불출석 사유서'를 제출하고 출석하지 않았다. 대신 24일 과방위 종합 국감에 출석하기로 했다. 아프리카TV는
통신/뉴미디어,전자신문,"전자신문, 플렉스이엔엠과 업무협약…콘텐츠 및 기업PR 공동협력",https://n.news.naver.com/mnews/article/030/0003245324,"전자신문이 인터넷방송 서비스 기업 플렉스이엔엠과 손잡고, 콘텐츠 업계의 새로운 방향을 제시한다. 7일 전자신문과 플렉스이엔엠은 서울 서초구 사옥에서 '방송 미디어 동반성장을 위한 업무협약'(MOU) 체결식을 가졌다."
통신/뉴미디어,조선비즈,"알레오, 차별화된 트랜잭션 처리법 ‘레코드 모델’ 공개",https://n.news.naver.com/mnews/article/366/0001022412,블록체인 알레오가 공식 블로그를 통해 차별화된 트랜잭션 처리법 레코드 모델(Record Model)을 공개했다. 트랜잭션 처리 방법은 성능이나 보안성을 평가하는 중요한 요소로 꼽힌다. 거래장부인 블록체인에서 거래내역
통신/뉴미디어,서울경제,"방통위 김태규 ""구글·애플 반독점 행위, 단호한 규제 필요""",https://n.news.naver.com/mnews/article/011/0004400022,김태규 방송통신위원장 직무대행이 국회 과학기술정보방송통신위원회 국정감사에 참석해 국내에서의 구글과 애플 등 글로벌 빅테크들의 반독점 행위에 대해 단호한 대응을 예고했다. 또 공정거래위원회의 이동통신 3사에 대한 담합
통신/뉴미디어,디지털데일리,[국감2024] 소관법 싸움에 등터진 통신3사…방통위 “해법 찾겠다”,https://n.news.naver.com/mnews/article/138/0002183817,"공정거래위원회(이하 공정위)와 방송통신위원회(이하 방통위)의 소관법이 서로 상충되면서 이동통신3사가 곤욕을 치루고 있는 가운데, 방통위 김태규 직무대행(부위원장)이 “해법을 찾기 위해 노력 중이다”라고 답했다. 방통"
통신/뉴미디어,아이뉴스24,"[국감 2024] 박충권 ""방통위 마비로 딥페이크 성범죄 대응 늦어져""",https://n.news.naver.com/mnews/article/031/0000874410,"박충권 국민의힘 의원은 ""방통위의 마비로 인해 딥페이크 성범죄와 같은 디지털 성범죄 대응이 늦어지고 있다""며 방송통신위원회의 정상화를 촉구했다. 7일 열린 국회 과학기술정보방송통신위원회(과방위) 국정감사에서 박충권"
통신/뉴미디어,지디넷코리아,"HCN ""시니어 예능 '제2의 결혼전쟁-살까말까' 호평""",https://n.news.naver.com/mnews/article/092/0002347785,HCN은 LG헬로비전·SK브로드밴드·딜라이브·베리미디어와 함께 제작한 시니어 예능 '제2의 결혼전쟁-살까말까' 지난달 30일 첫 화를 공개한 이후 지역 시청자들로부터 호평을 얻었다고 7일 밝혔다. '황혼 이혼'이 늘
통신/뉴미디어,전자신문,[2024 국감]“구글·애플 과징금 680억원 과징금…아직도 의결 안 돼”,https://n.news.naver.com/mnews/article/030/0003245300,"김태규 방송통신위원회 위원장 직무대행이 구글, 애플 등 글로벌 빅테크의 반독점 행위에 대해 “단호한 규제 장치가 필요하다”고 입장을 밝혔다. 최수진 국민의힘 의원은 7일 진행된 국회 과학기술정보방송통신위원회 국정감사"
통신/뉴미디어,뉴스1,"네오플, 제주교육청과 발달장애아동 치료비 지원…3.6억원 규모",https://n.news.naver.com/mnews/article/421/0007828965,넥슨의 자회사 네오플은 제주특별자치도교육청·초록우산과 제주도 내 발달장애아동 재활치료비 지원 업무협약을 맺었다고 7일 밝혔다. 네오플은 2027년 9월까지 3년간 도내 발달장애아동(만 18세 미만) 총 40명에게 1
통신/뉴미디어,전자신문,이통사 담합 과징금 5.5조 예고에...방통위 “해법 찾겠다”,https://n.news.naver.com/mnews/article/030/0003245285,방송통신위원회가 이동통신 3사 번호이동 담합의혹과 관련해 수조원대 과징금 문제를 두고 공정거래위원회와 해법을 모색하겠다는 입장을 밝혔다. 김태규 방송통신위원회 위원장 직무대행은 7일 진행된 국회 과학기술정보방송통신위
통신/뉴미디어,이데일리,"이진숙 위원장, 오후 국감 출석키로",https://n.news.naver.com/mnews/article/018/0005852788,탄핵심판 중인 이진숙 방송통신위원회 위원장이 7일 오후 국정감사에 출석한다. 일반증인으로 출석을 요구받은 이진숙 위원장은 전날 불출석 사유서 제출에 따라 야당 과방위원 중심으로 동행명령권 발부 의결도 검토됐다. 하지
통신/뉴미디어,조선비즈,국감장 불려가는 게임업계 CEO… ‘확률형 아이템 논란’ 김태영 웹젠 대표·'포괄 임금제 유지’ 김창한 크래프톤 대표,https://n.news.naver.com/mnews/article/366/0001022391,"문체위, 정무위, 환노위, 복지위에 게임업계 인물 각각 증인 출석 22대 국회의 첫 국정감사가 7일 시작된 가운데 문화체육관광위원회 소속 의원실에선 게임물 사전심의 제도, 게임 이용장애 국내 도입 여부 등을 주제로"
통신/뉴미디어,뉴스1,[부고] 김태규씨(방송통신위원장 직무대행) 장인상,https://n.news.naver.com/mnews/article/421/0007828888,"■이보헌씨 별세, 김태규씨(방송통신위원장 직무대행) 장인상 = 7일, 분당 서울대병원 장례식장 3층 11호실, 발인 9일, 장지 시안공원, (031)787-1500"
통신/뉴미디어,전자신문,ICT 규제샌드박스 '패스트트랙' 도입…유사서비스 심의기간 절반이하 단축,https://n.news.naver.com/mnews/article/030/0003245260,정보통신기술(ICT) 규제샌드박스 '패스트트랙'이 도입된다. 기업이 신제품·서비스 규제유예를 신청할 때 유사한 사례가 규제샌드박스를 통과했을 경우 심의기간이 절반이하로 줄어든다. 규제를 유연하게 적용해 신규 시장을
통신/뉴미디어,지디넷코리아,김태규 직무대행 국감장 이석...이진숙 위원장 출석키로,https://n.news.naver.com/mnews/article/092/0002347776,김태규 방송통신위원회 위원장 직무대행이 7일 국정감사 오후 일정에서 이석하게 됐다. 이날 오전 질의를 마친 뒤 부고 소식이 전해진 데 따른 이유다. 최민희 과학기술정보방송통신위원회 위원장은 이날 오후 감사를 속개하면
통신/뉴미디어,데일리안,이진숙 방통위원장 오후 국감 참석 예정...김태규 장인상으로 불참,https://n.news.naver.com/mnews/article/119/0002879038,이진숙 방송통신위원장이 7일 국회 과학기술정보방송통신위원회 국정감사에 출석할 예정이다. 최민희 국회 과방위원장은 이진숙 위원장이 이날 오후 3시 이전에 출석하겠다는 입장을 밝혔다고 말했다. 이 위원장은 당초 탄핵 심
통신/뉴미디어,전자신문,"AI 투자 늘리는 통신사, 주파수 재할당 대가 마련 부담",https://n.news.naver.com/mnews/article/030/0003245247,이동통신업계가 차세대 먹거리로 인공지능(AI) 신사업 투자를 확대하는 가운데 주파수 할당대가가 변수로 떠올랐다. 3G·LTE 주파수 대역에 대한 재할당 대가 산정이 내년 상반기로 예정된 상황에서 할당 금액이 과도할
통신/뉴미디어,디지털데일리,"[국감2024] ""긴급구조에 필요한 데""…애플, GPS 위치정보 제공 안 해",https://n.news.naver.com/mnews/article/138/0002183809,"애플이 사용자 편의를 위해 제공중인 '나의 찾기' 서비스를 내년 봄부터 한국에서도 서비스하기로 결정했지만, 긴급구조 시 소방청과 경찰 등이 위치정보를 요청하더라도 사용자 GPS 위치정보는 제공하지 않는 것으로 알려졌"
통신/뉴미디어,디지털데일리,"[국감2024] 이진숙 방통위원장, 오늘(7일) 오후 과방위 국감 출석한다",https://n.news.naver.com/mnews/article/138/0002183807,업무가 정지된 이진숙 방송통신위원장이 7일 오후 3시 국회 과학기술방송통신위원회(이하 과방위) 국정감사에 출석한다. 최민희 과방위원장은 이날 오후 국회 과방위가 진행한 방송통신위원회(이하 방통위)·방송통신심의위원회(
통신/뉴미디어,아이뉴스24,이진숙 방통위원장 국감 합류…김태규 직무대행은 이석 [국감2024],https://n.news.naver.com/mnews/article/031/0000874378,7일 오전 국회 과학기술정보방송통신위원회 증인으로 불출석했던 이진숙 방통위원장이 오후에 증인으로 출석한다. 오전 국감장에 출석했던 김태규 방송통신위원장 직무대행은 장인상으로 인해 오후부터 불참한다. 최민희 과방위원장
통신/뉴미디어,전자신문,"[2024 국감]민영삼 코바코 사장, 이준석 의원과 국감에서 설전. 선임 배경 논란(?)",https://n.news.naver.com/mnews/article/030/0003245241,"민영삼 한국방송광고진흥공사(코바코) 사장이 7일 열린 국회 과학기술정보방송통신위원회 국정감사에서 이준석 개혁신당 의원과 설전을 벌였다. 코바코 사장 취임 배경에 대한 지적이 이어졌고, 답변 과정에서 태도를 지적받았다"
통신/뉴미디어,전자신문,HCN “시니어 전문 예능 '제2의 결혼전쟁-살까말까' 호평”,https://n.news.naver.com/mnews/article/030/0003245233,"HCN은 LG헬로비전, SK브로드밴드, 딜라이브, 베리미디어와 함께 제작한 '제2의 결혼전쟁 - 살까말까'가 지난달 30일 첫 화 방영 직후, 지역 시청자에게 좋은 반응을 얻고 있다고 7일 밝혔다. '제2의 결혼전쟁"
통신/뉴미디어,조선비즈,"대한항공, 한국발 기내식에 국산 식자재 사용 늘린다",https://n.news.naver.com/mnews/article/366/0001022376,“기내식 국내산 식자재 점유율 64% 까지 늘린다” 대한항공이 한국발 국제선 출발편에 실리는 기내식 원재료 국산화 비율을 늘려 나간다고 7일 밝혔다. 국산 농·수산물 소비 활성화를 통해 농·어촌 상생 협력에 적극 동
통신/뉴미디어,조선비즈,"김태규 방통위원장 직무대행, 장인상으로 국감 오후 일정 불참",https://n.news.naver.com/mnews/article/366/0001022375,"김태규 방송통신위원장 직무대행이 7일 장인상을 당해 국회 과학기술정보방송통신위원회(과방위) 국정감사 오후 일정에 참석하지 못한다. 방송통신위원회에 따르면, 김 위원장은 이날 오전 국감이 끝난 후 장인의 부고 소식을"
통신/뉴미디어,뉴스1,"HCN ""시니어 전문 예능 '제2의 결혼전쟁-살까말까' 지역서 호평""",https://n.news.naver.com/mnews/article/421/0007828778,"HCN은 LG헬로비전(037560), SK브로드밴드(033630), 딜라이브, 베리미디어와 함께 제작한 '제2의 결혼전쟁-살까말까'가 지역 시청자에게 좋은 반응을 얻고 있다고 7일 밝혔다. '제2의 결혼전쟁-살까말까"
통신/뉴미디어,디지털데일리,"""이진숙 트라우마"" vs ""불출석 부적절""…과방위 국정감사, 시작부터 여야 대치 [국감2024]",https://n.news.naver.com/mnews/article/138/0002183800,"직무가 정지된 이진숙 방송통신위원장이 7일 국회 과학기술방송통신위원회(이하 과방위) 국정감사에 불출석하면서, 여야가 시작부터 대치했다. 이 위원장은 이날 국회 과방위가 진행한 방송통신위원회(이하 방통위)·방송통신심의"
통신/뉴미디어,아시아경제,"장인상 소식 들은 김태규 직무대행, 방통위 오후 국감 불참",https://n.news.naver.com/mnews/article/277/0005480812,"김태규 방송통신위원장 직무대행이 7일 장인상을 당해 오후 국회 과학기술정보방송통신위원회 국정감사에 불참한다. 방통위에 따르면 김 위원장은 이날 오전 국감을 마치고 부고 소식을 접했다. 이를 과방위에 전달했으며, 과방"
통신/뉴미디어,디지털데일리,"[국감2024] 경찰 ""우울증갤러리 폐쇄 요청""…방심위, 올해 시정요구 '0'",https://n.news.naver.com/mnews/article/138/0002183799,경찰이 범죄의 온상으로 지목하며 폐쇄 요청한 디시인사이드 우울증갤러리에 대해 방송통신심의위원회(이하 방심위)는 올해 들어 시정요구를 한 건도 하지 않은 것으로 나타났다. 7일 이정헌 의원실이 방심위로부터 확보한 자료
IT일반,지디넷코리아,임종룡 우리금융 회장·이석용 농협은행장 10일 국감 출석,https://n.news.naver.com/mnews/article/092/0002347803,"임종룡 우리금융지주 회장이 금융지주 회장으로는 처음 국정감사(국감) 증인으로 참석한다. 7일 우리금융 관계자는 오는 10일 열린 국회 정무위원회(정무위) 금융위원회 국감 증인으로 임종룡 회장이 증인으로 채택됐으며,"
IT일반,전자신문,한글박물관에서 인터랙티브 콘텐츠 체험,https://n.news.naver.com/mnews/article/030/0003245330,제578돌 한글날을 앞둔 가운데 한글 창제의 가치와 우수성을 배울 수 있는 디지털 콘텐츠가 관심을 받고 있다. 7일 서울 용산구 국립한글박물관을 찾은 어린이들이 프로젝션 맵핑 기술을 이용해 훈민정음 관련 정보를 담은
IT일반,지디넷코리아,"의료대란 책임 복지부 장관, 사퇴 요구에 ""자리에서 최선 다하겠다” 거부",https://n.news.naver.com/mnews/article/092/0002347802,"의대정원 2천 명 증원에 반발해 전공의가 수련병원을 이탈하며 발생한 의료대란이 8개월을 맞고 있는 가운데, 국회가 정부의 책임 있는 해법 마련을 촉구했다. 7일 국회 보건복지위원회의 보건복지부와 질병관리청에 대한 국"
IT일반,전자신문,'한글날 앞두고 훈민정음 배워요',https://n.news.naver.com/mnews/article/030/0003245329,제578돌 한글날을 앞둔 가운데 한글 창제의 가치와 우수성을 배울 수 있는 디지털 콘텐츠가 관심을 받고 있다. 7일 서울 용산구 국립한글박물관을 찾은 어린이들이 LED 조명을 비춰 구현한 훈민정음 전시물을 살펴보고
IT일반,전자신문,디지털 콘텐츠로 배우는 한글의 우수성,https://n.news.naver.com/mnews/article/030/0003245328,제578돌 한글날을 앞둔 가운데 한글 창제의 가치와 우수성을 배울 수 있는 디지털 콘텐츠가 관심을 받고 있다. 7일 서울 용산구 국립한글박물관을 찾은 어린이들이 LED 조명을 비춰 구현한 훈민정음 전시물을 살펴보고
IT일반,전자신문,디지털 콘텐츠로 배우는 훈민정음,https://n.news.naver.com/mnews/article/030/0003245327,제578돌 한글날을 앞둔 가운데 한글 창제의 가치와 우수성을 배울 수 있는 디지털 콘텐츠가 관심을 받고 있다. 7일 서울 용산구 국립한글박물관을 찾은 어린이들이 LED 조명을 비춰 구현한 훈민정음 전시물을 살펴보고
IT일반,지디넷코리아,"페스티벌온, ‘디지털 혁신 페스타 2024’ 참가",https://n.news.naver.com/mnews/article/092/0002347801,페스티벌온이 이달 10~12일 서울 삼성동 코엑스에서 열리는 디지털 혁신 페스타 2024(DINNO 2024)에 참가해 AI 행동 패턴 분석·예측 기반을 적용한 구역 안전 및 통합 운영 관리 솔루션을 선보인다고 밝혔
IT일반,연합뉴스,"[게시판] 티맵모빌리티, 17일 데이터·AI 활용 성장 전략 세미나",https://n.news.naver.com/mnews/article/001/0014968822,▲ 티맵모빌리티가 오는 17일 서울 마포구 프론트원에서 틱택코리아와 '2천만 T맵(MAP) 데이터와 AI를 활용한 비즈니스 성장 전략' 세미나를 개최한다. 세미나에서는 T맵 플랫폼을 통해 생성된 다양한 데이터들이 기
IT일반,파이낸셜뉴스,"여전히 구멍 난 가상자산법...""법 개정이라도 서둘러야"" [코인브리핑]",https://n.news.naver.com/mnews/article/014/0005250011,'가상자산 이용자 보호 등에 관한 법률(가상자산 이용자 보호법)'이 시행된 지 80일이 지나면서 미흡한 점에 대한 지적이 이어지고 있다. 국내 가상자산업계는 시장 활성화를 위한 2단계까진 아니더라도 현재 부족한 부분
IT일반,뉴스1,"성상품화 논란 아프리카TV 정찬용 대표, 국감 첫날 불출석",https://n.news.naver.com/mnews/article/421/0007829096,아프리카TV(숲·SOOP)의 정찬용 대표가 7일 열린 국회 과학기술정보방송통신위원회에 증인으로 채택됐지만 '불출석 사유서'를 제출하고 출석하지 않았다. 대신 24일 과방위 종합 국감에 출석하기로 했다. 아프리카TV는
IT일반,지디넷코리아,"""로봇 어떻게 쓸지가 중요…제조·국방만은 꼭 잡아야""",https://n.news.naver.com/mnews/article/092/0002347800,"“로봇 산업의 본질은 도구를 만드는 데 그쳐서는 안 됩니다. 이 도구를 활용해서 우리 사회에 어떤 솔루션을 제공하고, 세상을 바꿔놓는 사람들이 결국 주목을 받게 되죠. ” 21세기 우리 로봇 산업은 어느 위치에 와"
IT일반,한국경제,"KT, 오픈소스 소프트웨어 ISO 인증 획득…보안 역량 인정받아",https://n.news.naver.com/mnews/article/015/0005041093,KT는 오픈소스 소프트웨어 보안 관리 체계 강화를 위한 국제 표준 ‘ISO/IEC 18974’를 획득했다고 7일 발표했다. ISO/IEC 18974는 리눅스 재단 산하 오픈체인 프로젝트가 규정한 국제 표준이다. 체계
IT일반,디지털데일리,"도쿄일렉트론코리아, 하반기 신입·경력 공개채용 실시",https://n.news.naver.com/mnews/article/138/0002183820,도쿄일렉트론코리아(대표 원제형)가 올해 하반기 공개채용을 실시한다. 지난 5월 신입·경력사원을 동시 모집한 데 이은 올해 두번째 대규모 채용이다. 도쿄일렉트론코리아는 채용 홈페이지에 ‘2024 하반기 신입
IT일반,전자신문,"LG전자, 美 전기차 충전기 사업 가속도…고속 충전기 생산 채비",https://n.news.naver.com/mnews/article/030/0003245322,LG전자가 북미에서 최대 175킬로와트(kW)의 레벨3 고속 전기차 충전기 신제품 공급을 시작한다. 전기차 충전기 사업 핵심 지역인 북미에서 완속 충전기에 이어 새로운 고속 충전기로 입지 확대를 노린다. 7일 업계에
IT일반,동아일보,“과학 잡지에 AI를 더했다”…과학동아 콘텐츠에서 답 찾아주는 AI 결합 상품 출시,https://n.news.naver.com/mnews/article/020/0003590928,"종이책 독서와 디지털 콘텐츠 학습, 인공지능(AI)을 통한 궁금증 해결까지 한 번에 해결할 수 있는 통합 상품이 출시됐다. 누적 290만 명의 구독자를 보유한 동아사이언스가 국내 최초로 과학잡지에 디지털 과학 서비스"
IT일반,파이낸셜뉴스,"""구글, 망 사용료 없이 정부 광고료 1위... 법인세도 축소""",https://n.news.naver.com/mnews/article/014/0005249997,구글코리아가 국내 인터넷서비스제공사업자(ISP)에 망 사용료를 내지 않으면서 정부 광고료로 막대한 수익을 내고 있다는 지적이 제기됐다. 또 법인세 역시 제대로 내고 있지 않다는 의혹이 나왔다. 이정헌 더불어민주당 의
IT일반,파이낸셜뉴스,"""보상도 랜덤하게""...빗썸, '랜덤박스' 오픈",https://n.news.naver.com/mnews/article/014/0005249996,국내 가상자산거래소 빗썸이 다양한 혜택을 무작위로 받을 수 있는 '랜덤박스' 서비스를 선보인다. 7일 가상자산업계에 따르면 빗썸은 이용자 혜택 제공 프로그램으로 '랜덤박스'를 새롭게 선보인다. 럭키박스 같이 다양한
IT일반,동아일보,"“AI가 환자 일기 분석해 감정 체크”…우울증·불안장애, AI로 챙긴다",https://n.news.naver.com/mnews/article/020/0003590927,국내 이통통신사가 인공지능(AI) 기술을 바탕으로 한 정신건강 관리(멘탈케어) 서비스에 뛰어들고 있다. 우울증이나 과도한 업무로 인한 스트레스 등 최근 현대인들의 정신건강 문제에 대한 관심이 높아지며 생성형 AI와
IT일반,전자신문,"옴디아, 17~18일 디스플레이 콘퍼런스 개최",https://n.news.naver.com/mnews/article/030/0003245318,시장조사업체 옴디아가 오는 17일부터 18일까지 이틀간 서울 서초구 엘타워에서 '2024 한국디스플레이컨퍼런스'를 개최한다고 밝혔다. 주요 주제는 △2024-25년 디스플레이 산업 10대 토픽 전망 △중장기 디스플레
IT일반,지디넷코리아,"일동제약그룹 아이리드비엠에스 ‘분자접착제’, 美 FDA 희귀의약품 지정",https://n.news.naver.com/mnews/article/092/0002347794,일동제약그룹의 신약 연구개발 회사인 아이리드비엠에스(iLeadBMS)가 자체 개발 중인 표적단백질분해(TPD) 분자접착제에 대해 미국 식품의약국(FDA)로부터 위암 치료와 관련한 희귀의약품 지정(ODD)을 받았다고
IT일반,지디넷코리아,잡코리아 '인공지능 활용 노무관리 전략' 웨비나 개최,https://n.news.naver.com/mnews/article/092/0002347793,잡코리아는 중앙경제HR교육원과 함께 '인공지능을 활용한 노무관리 리스크 대응 전략'에 관한 웨비나(온라인 세미나)를 공동 개최한다고 7일 밝혔다. 이번 웨비나는 기업 인사담당자들에게 인공지능(AI)을 통해 효과적으로
IT일반,파이낸셜뉴스,"비브스튜디오스, ‘언리얼 페스트 시애틀 2024’서 항공기 정비 시뮬레이션 세션 공동 발표",https://n.news.naver.com/mnews/article/014/0005249994,비브스튜디오스가 미국 시애틀에서 열린 ‘언리얼 페스트 2024’에 참여해 차세대 정비 시뮬레이션 플랫폼 개발에 대해 한국항공우주산업(KAI)과 공동 발표했다고 7일 밝혔다. 세션명은 'A Deep Dive into
IT일반,이코노미스트,"넷마블 ‘킹 아서: 레전드 라이즈’, 공식 브랜드페이지 오픈",https://n.news.naver.com/mnews/article/243/0000065745,넷마블은 북미 자회사 카밤에서 개발 중인 출시 예정 신작 ‘킹 아서: 레전드 라이즈’의 공식 브랜드페이지를 오픈했다고 7일 밝혔다. 킹 아서: 레전드 라이즈는 수집형 전략 RPG로 이용자들은 게임의 주인공인 아서가
IT일반,서울경제,"방통위 김태규 ""구글·애플 반독점 행위, 단호한 규제 필요""",https://n.news.naver.com/mnews/article/011/0004400022,김태규 방송통신위원장 직무대행이 국회 과학기술정보방송통신위원회 국정감사에 참석해 국내에서의 구글과 애플 등 글로벌 빅테크들의 반독점 행위에 대해 단호한 대응을 예고했다. 또 공정거래위원회의 이동통신 3사에 대한 담합
IT일반,KBS,‘2024 한중일 e스포츠 대회’ 다음 달 1일 중국 청두서 개최,https://n.news.naver.com/mnews/article/056/0011813624,"‘2024 한중일 e스포츠 대회’가 다음 달 1일, 중국 청두에서 개최된다고 한국e스포츠협회가 오늘(7일) 밝혔습니다. 한중일 e스포츠 대회는 한국과 일본, 중국 정부가 주도하는 e스포츠 국가 대항전으로 올해 4회째"
IT일반,연합뉴스,"네이버 ""안심보장 프로그램으로 '짝퉁' 몰 월평균 1천개 차단""",https://n.news.naver.com/mnews/article/001/0014968715,네이버는 올해 구축한 안심보장 프로그램을 통해 월평균 1천개 정도의 위조상품 판매 몰을 사전 차단했다고 7일 밝혔다. 사전탐지 대응률은 90%대를 기록하고 있다. 네이버는 스마트스토어 가입단계부터 위조 상품 판매 이
IT일반,디지털데일리,"[뉴템] LG전자, ‘김치톡톡’ 2025년형 출시…냉기케어 시스템 강화",https://n.news.naver.com/mnews/article/138/0002183815,LG전자(대표 조주완)가 맞춤형 보관 기능을 탑재한 2025년형 'LG 디오스 오브제컬렉션 김치톡톡'을 출시했다고 7일 발표했다. 신제품은 LG전자만의 냉기케어 시스템으로 김치 맛에 대한 전문적인 보관과 숙성을 제공
IT일반,전자신문,데이터센터 '코리아 패싱'에도 범부처 대응 전무,https://n.news.naver.com/mnews/article/030/0003245312,글로벌 빅테크들이 우리나라 대신 경쟁국에 데이터센터를 설립하는 '코리아 패싱' 논란이 커지는 가운데서도 범부처 대응은 부족하다는 비판이 커지고 있다. 경쟁국들이 민관 힘을 합쳐 데이터센터 유치에 사활을 걸고 있는 것
IT일반,더팩트,"티맵, 데이터·AI 활용 비즈니스 성장 전략 세미나 개최",https://n.news.naver.com/mnews/article/629/0000326880,"티맵모빌리티·틱택코리아, 데이터 활용 실제 사례 소개 티맵모빌리티가 인공지능(AI) 학습 데이터 가공 및 수집 전문 기업 틱택코리아와 세미나를 연다. 티맵모빌리티는 틱택코리아와 오는 17일 서울 마포구 프론트윈에서"
IT일반,동아일보,삼키면 ‘행복 호르몬’ 팍팍 …과식 유발하는 놀라운 원인 밝혀져,https://n.news.naver.com/mnews/article/020/0003590926,맛있는 음식을 먹을 땐 절제가 잘 안 된다. 치킨이나 피자 딱 한 조각에서 멈추고 싶지만 그러지 못하는 경우가 허다하다. 이유가 뭘까. 답은 목에 있는 것 같다. 음식의 매혹적인 향과 맛에 이끌려 먹기 시작하지만 사
보안/해킹,전자신문,"모니터랩, 2024 하반기 신입·경력 공채",https://n.news.naver.com/mnews/article/030/0003245299,"모니터랩이 오는 21일까지 '2024 하반기 신입·경력 공개 채용'을 진행한다. 이번 공채는 연구개발, 기술지원, 보안관제, 영업 등 7개 부문에 걸쳐 총 16개 직무에서 지원자를 모집한다. 희망자는 모니터랩 채용"
보안/해킹,전자신문,"에이아이스페라 '크리미널IP', '하이브리드 애널리시스'에 위협 인텔리전스 통합",https://n.news.naver.com/mnews/article/030/0003245297,에이아이스페라가 미국의 글로벌 사이버보안 기업 크라우드스트라이크(CrowdStrike)가 소유한 악성코드 분석 플랫폼 '하이브리드 애널리시스'(Hybrid Analysis)에 '크리미널 IP'의 도메인 위협 인텔리전
보안/해킹,전자신문,"한싹 '패스가드 AM', 국정원 보안기능확인서 획득",https://n.news.naver.com/mnews/article/030/0003245287,"한싹의 시스템 접근제어 솔루션 '패스가드 AM'이 국가정보원으로부터 보안기능확인서를 획득했다. 보안기능확인서는 국정원의 엄격한 보안 기준을 충족한 정보보호 제품에 부여하는 인증으로, 보안성과 신뢰성을 공식적으로 인정"
보안/해킹,디지털데일리,"[국감2024] 딥페이크 칼질 언제쯤? ""범부처 종합대책 마련 중""",https://n.news.naver.com/mnews/article/138/0002183814,"올해 국정감사(이하 국감) 주요 화두로 '딥페이크'가 떠오른 가운데, 범부처 차원에서 종합대책을 준비하고 있는 것으로 나타났다. 김태규 방송통신위원장 직무대행은 7일 국회 과학기술정보방송통신위원회 국감에 출석해 ""("
보안/해킹,디지털데일리,사이버보안 인재 부족한데…화이트해커만 키우려는 한국?,https://n.news.naver.com/mnews/article/138/0002183803,"글로벌 정보기술(IT) 시장에서 보안 인력난은 숙원과제다. 사이버 공격 난도가 높아지고 있지만 이를 대응할 만한 인재가 충분하지 않아, 자칫 방패가 무너질 수 있다는 우려 섞인 목소리도 나오는 분위기다. 주요국에서는"
보안/해킹,전자신문,"정부 “中 틱톡, 정보통신망법·개인정보보호법 위반 가능성 점검”",https://n.news.naver.com/mnews/article/030/0003245208,"우리 정부가 중국 숏폼(짧은 영상) 공유 플랫 '틱톡'의 정보통신망법과 개인정보보호법 위반 가능성에 대한 점검에 착수했다. 7일 정보통신업계와 관계 당국 등에 따르면, 방송통신위원회는 틱톡이 정보통신망법을 위반했다고"
보안/해킹,디지털데일리,"에스앤피랩, '2024 우수 정보보호 기술·제품' 지정",https://n.news.naver.com/mnews/article/138/0002183790,에스앤피랩(이하 SNP랩)이 마이데이터 기술 경쟁력을 인정받았다. SNP랩은 온디바이스 마이데이터 플랫폼 기술이 '2024년 우수 정보보호 기술·제품'으로 지정됐다고 7일 밝혔다. 과학기술정보통신부(이하 과기정통부)
보안/해킹,뉴시스,"정부, 마케팅·광고 동의 강제 中 틱톡 조사 착수",https://n.news.naver.com/mnews/article/003/0012823665,최은수 송혜리 기자 = 정부가 숏폼 앱 틱톡'을 상대로 정보통신망법 및 개인정보보호법 위반 가능성을 들여다 보기로 했다. 7일 관계 당국 등에 따르면 방송통신위원회는 틱톡이 정보통신망법을 위반했다고 보고 조만간 조사
보안/해킹,디지털데일리,"모니터랩, 2024 하반기 신입·경력 공채…21일까지 접수",https://n.news.naver.com/mnews/article/138/0002183782,모니터랩이 신입 및 경력 직원을 모집한다. 모니터랩(대표이사 이광후)은 '2024 하반기 신입·경력 공개 채용(이하 공채)'을 진행한다고 7일 밝혔다. 접수 기간은 이달 7일부터 21일까지다. 이번 공채는 7개 부문
보안/해킹,디지털타임스,"정부 ""中 틱톡 개인정보법 위반 가능성…점검 착수""",https://n.news.naver.com/mnews/article/029/0002906888,정부가 개인정보 침해 논란을 빚은 중국 숏폼(짧은 영상) 어플리케이션(앱) '틱톡'의 개인정보보호법과 정보통신망법 위반 가능성에 대한 점검에 착수했다. 7일 정보통신업계와 관계 당국 등에 따르면 방송통신위원회는 틱톡
보안/해킹,디지털데일리,"아카마이, API 트래픽 분석 특화 '네이티브 커넥터' 제공",https://n.news.naver.com/mnews/article/138/0002183758,아카마이테크놀로지스가 애플리케이션프로그래밍인터페이스(API) 트래픽 분석을 강화할 새 제품군을 공개했다. 아카마이테크놀로지스(한국 대표 이경준)는 '아카마이 API 보안'과 '아카마이 커넥티드 클라우드'를 통합하는
보안/해킹,디지털데일리,"'메이드 인 코리아' 가면 쓴 중국산 CCTV…""국가기관 등에 3만대 설치""",https://n.news.naver.com/mnews/article/138/0002183754,국가 주요 시설에 '한국산'으로 위장한 중국 폐쇄회로(CC)TV가 다수 설치돼 있다는 조사 결과가 나왔다. 국회 과학기술정보방송통신위원회 소속 박충권 의원(국민의힘)이 방송통신위원회 등으로부터 제출받은 자료에 따르면
보안/해킹,디지털타임스,"""보안 경쟁력 강화한다""…현대오토에버, 사이버 시큐리티 사업부 출범",https://n.news.naver.com/mnews/article/029/0002906858,'서비스 보안실' 신설…모의해킹 훈련 강화 200여명 인력 투입…모빌리티 보안 영역 경쟁력 ↑ 현대오토에버가 자동차 보안 경쟁력을 강화하기 위해 최근 '사이버 시큐리티 사업부'를 출범하고 200여명의 인력을 투입했다
보안/해킹,파이낸셜뉴스,"한싹 '패스가드 AM', 국정원 보안기능확인서 획득",https://n.news.naver.com/mnews/article/014/0005249750,한싹은 시스템 접근제어 솔루션 ‘패스가드 AM(PassGuard Access Management)’이 국가정보원으로부터 보안기능확인서를 획득했다고 7일 밝혔다. 이번 인증을 통해 한싹은 시스템 보안 사업의 경쟁력을
보안/해킹,뉴시스,"한싹, '패스가드 AM' 보안기능확인서 획득…공공 제로 트러스트 시장 공략",https://n.news.naver.com/mnews/article/003/0012822946,"한싹은 시스템 접근제어 솔루션 '패스가드 AM'이 국가정보원으로부터 보안기능확인서를 획득했다고 7일 밝혔다. 이번 인증을 통해 한싹은 시스템 보안 사업의 경쟁력을 한층 강화하고, 공공 제로 트러스트(Zero Trus"
보안/해킹,디지털데일리,"한싹 '패스가드 AM', 국정원 보안기능확인서 획득",https://n.news.naver.com/mnews/article/138/0002183744,한싹의 시스템 접근제어 솔루션이 보안성과 안정성을 검증받았다. 한싹(대표이사 이주도)은 자사 '패스가드 AM(PassGuard Access Management)'이 국가정보원(이하 국정원)으로부터 보안기능확인서를 획
보안/해킹,뉴시스,"""국가주요시설·군부대·경찰청 등에 '중국산 CCTV' 약 3만대 설치돼""",https://n.news.naver.com/mnews/article/003/0012822911,"우리나라의 국가주요시설, 군부대, 지자체 등에 국내산으로 위장한 중국산 CCTV가 약 3만대 설치돼있는 것으로 나타났다. 7일 국회 과학기술정보방송통신위원회 소속 박충권 국민의힘 의원이 방송통신위원회 등으로부터 제출"
보안/해킹,연합뉴스,"KT, 오픈소스 소프트웨어 보안 관리체계 국제 표준 인증 획득",https://n.news.naver.com/mnews/article/001/0014967678,"KT가 오픈소스 소프트웨어 보안 관리 체계 강화를 위한 국제 표준 'ISO/IEC 18974'를 획득했다고 7일 밝혔다. 오픈소스 소프트웨어는 소스 코드가 공개돼 있어 폭넓게 활용할 수 있지만, 보안 취약점이 있을"
보안/해킹,뉴시스,"현대오토에버, 사이버 시큐리티 사업부 출범…""글로벌 톱 서비스 지향""",https://n.news.naver.com/mnews/article/003/0012822884,현대오토에버가 200명 규모의 사이버 시큐리티 사업부를 출범시켰다고 7일 밝혔다. 현대오토에버는 이번 사업부 출범으로 모빌리티 보안 영역에서 차별화된 경쟁력을 극대화한다는 방침이다. 사이버 시큐리티 사업부장은 지난
보안/해킹,연합뉴스,현대오토에버 모빌리티 보안 담당 사이버 시큐리티 사업부 출범,https://n.news.naver.com/mnews/article/001/0014967590,현대오토에버가 모빌리티 보안 영역의 경쟁력 강화를 위해 기존 정보보안센터를 '사이버 시큐리티 사업부'로 격상해 출범했다고 7일 밝혔다. 인력 규모는 200여 명이다. 사이버 시큐리티 사업부장은 지난 7월 보안총괄임원
보안/해킹,연합뉴스,"""작년 불법 스팸메시지 41억건…5년만에 3.4배 늘어""",https://n.news.naver.com/mnews/article/001/0014967416,"與 신성범 ""신고율 높여야…문자 발송업체 대응책도 절실"" 지난해 우리 국민이 받은 불법스팸 휴대전화 문자메시지가 약 41억 건에 달한다는 분석이 7일 나왔다. 국회 과학기술정보방송통신위원회 소속 국민의힘 신성범 의원"
보안/해킹,뉴시스,스팸문자 신고해도…'떴다방' 업체들 과태료 800억 체납,https://n.news.naver.com/mnews/article/003/0012822442,"올해 불법 스팸문자 신고가 역대 최고치를 기록할 것으로 전망되는 가운데, 이를 사전 예방하기 위한 제도 '대량문자 전송자격인증제' 역시 이행 강제성이 없어서 실효성 문제가 제기된다. 6일 국회 과학기술정보방송통신위원"
보안/해킹,전자신문,"“강의 부탁드립니다”…北 해킹조직, 특강 요청 위장한 스피어피싱 공격",https://n.news.naver.com/mnews/article/030/0003244954,북한 해킹그룹 김수키가 한국을 주요 거점으로 지능형지속위헙(APT) 공격을 이어오고 있다. 특히 김수키는 강연의뢰서 등으로 위장한 악성파일(문서)로 국내에서 활동하는 북한 전문가를 타깃으로 스피어 피싱 공격을 벌여
보안/해킹,디지털데일리,"독일 방산업체 해킹 시도한 北 '김수키', 한국 노렸나?",https://n.news.naver.com/mnews/article/138/0002183723,최근 북한 정찰총국 산하 해커조직 '김수키(Kimsuky)'가 독일 방산업체 해킹을 시도했다. 지난달 27일(현지시간) 독일 매체 슈피겔 등에 따르면 김수키는 독일 방산업체 딜디펜스에서 무기 관련 정보를 탈취하려고
보안/해킹,전자신문,"에스원, 가족 초청행사 새 패러다임 제시…“건강한 조직문화 확산 앞장”",https://n.news.naver.com/mnews/article/030/0003244880,에스원이 온·오프라인을 결합한 임직원 가족 초청행사 '한마음 페스티벌'을 개최하며 가족 초청 행사의 새로운 패러다임을 제시했다. 한마음페스티벌은 MZ 세대와 소통 강화를 위한 온라인 행사부터 다양한 세대로 구성된 임
보안/해킹,뉴스1,"방구석 댄스부터 e스포츠까지…에스원 ""뻔한 사내행사 아닙니다""",https://n.news.naver.com/mnews/article/421/0007826739,에스원(012750)은 최근 진행한 임직원 가족 초청 사내행사 '에스원 한마음 페스티벌'에 1400여명이 참석했다고 6일 밝혔다. 업무 연장으로 인식되던 사내행사에서 벗어나 온 가족이 즐길 만한 프로그램들로 꾸렸다는
보안/해킹,디지털데일리,"링크 단축기도 악용하는 공격자들, 디지털 도구 '무기화 시대'",https://n.news.naver.com/mnews/article/138/0002183710,"디지털 분석 도구(툴)는 사이버 공간에서 필수 요소로 꼽힌다. 링크 단축기는 물론, 위치 추적 시스템부터 디지털 광고 플랫폼까지 디지털 분석 툴은 사용자 편의를 높일 수 있는 영역에서 활약하고 있다. 그러나 좋은 목"
보안/해킹,뉴시스,中 성인 사이트에 올라온 韓 산부인과·탈의실 영상…어떻게 유출됐나,https://n.news.naver.com/mnews/article/003/0012820513,중국산 인터넷프로토콜(IP)카메라로 촬영된 한국인들의 사생활 영상이 대거 유포되며 적잖은 파장이 일고 있다. 최근 중국 음란물 사이트에 중국산 IP카메라로 촬영한 한국인들의 사생활 영상이 유포된 것으로 확인됐다. 해
보안/해킹,연합뉴스,발언하는 강석균 안랩 대표,https://n.news.naver.com/mnews/article/001/0014964898,지난 2일(현지 시각) 사우디아라비아 리야드에서 열린 'GCF 2024' 패널 토의에서 강석균 안랩 대표(오른쪽 두 번째)가 발언하고 있다. 2024.10.4 [안랩 제공. 재판매 및 DB 금지]
보안/해킹,연합뉴스,"안랩, 사우디 정부 주최 사이버보안 포럼 참가",https://n.news.naver.com/mnews/article/001/0014964792,안랩은 4일 강석균 대표가 지난 2~3일(현지 시각) 사우디아라비아 리야드에서 열린 국제 사이버 보안 포럼 'GCF 2024'에서 사이버 보안 산업의 발전 방안과 효과적인 위협 대응 기술 등을 논의했다고 전했다. G
컴퓨터,지디넷코리아,"서비스나우, 가트너 기술 워크플로 5개 부문 점유율 1위",https://n.news.naver.com/mnews/article/092/0002347804,"서비스나우가 2023년 가트너 시장 점유율 보고서에서 기술 워크플로 5개 부문 시장 점유율 1위, 1개 부문에서 시장 점유율 2위를 차지했다고 7일 밝혔다 1위를 달성한 분야는 IT옵스(ITOps), ITSM 플랫폼"
컴퓨터,지디넷코리아,국감 앞둔 개인정보위…'개인정보보호원' 설립 재논의하나,https://n.news.naver.com/mnews/article/092/0002347796,개인정보보호위원회가 국정감사를 하루 앞둔 가운데 21대 국회에서 불발됐던 '개인정보보호원' 설치 논의가 재부상할 가능성이 제기되고 있다. 7일 업계에 따르면 개인정보 오남용 방지책으로 해당 논의가 개인정보위 국감에서
컴퓨터,지디넷코리아,"다쏘시스템, 유럽연합 AI협약 서명…""윤리적 AI사용 선도""",https://n.news.naver.com/mnews/article/092/0002347795,다쏘시스템이 기업 혁신을 촉진하고 윤리적인 인공지능(AI) 사용을 장려하기 위해 적극 기여할 방침이다. 다쏘시스템은 유럽연합 집행위원회의 새로운 이니셔티브인 ‘AI 협약’에 서명했다고 7일 밝혔다. 이 협약은 유럽
컴퓨터,지디넷코리아,"""AI 챗봇으로 디지털 시대 선도""…솔트웨어, 국내 최대 디지털 이벤트 참가",https://n.news.naver.com/mnews/article/092/0002347792,솔트웨어가 국내 최대 인공지능(AI) 산업 전시회에서 기업용 AI 챗봇 '사피봇'을 발표하며 디지털 전환의 새로운 장을 연다. 솔트웨어는 오는 10일부터 사흘간 서울 코엑스에서 열리는 '디지털 혁신 페스타 2024(
컴퓨터,지디넷코리아,"""살해 협박까지?""…美 볼티모어 고교 교장, '딥페이크' 음성에 당했다",https://n.news.naver.com/mnews/article/092/0002347791,미국 메릴랜드주 볼티모어 지역의 한 고등학교 교장이 인공지능(AI)으로 조작된 음성으로 인해 살해 협박까지 받는 일이 발생했다. 흑인·유대인을 비하하는 내용이 담겨 있었기 때문이다. 7일 BBC 등 외신에 따르면 에
컴퓨터,지디넷코리아,"행안부 ""AI 활용해 공공서비스 혁신 강화""",https://n.news.naver.com/mnews/article/092/0002347787,행정안전부(행안부)가 인공지능(AI) 기술과 기관 간 협업을 통해 국민 삶의 질 개선에 박차를 가하고 있다. 행안부는 '2024 정부혁신 왕중왕전' 대회를 개최해 '문제를 해결하는 정부' 분야에서 다양한 혁신 사례를
컴퓨터,지디넷코리아,"[유미's 픽] ""몸값 최대 8.5兆?""…LG CNS, 맥쿼리 '엑시트' 전략에 IPO 흥행 달렸다",https://n.news.naver.com/mnews/article/092/0002347783,"내년 초 유가증권시장(코스피) 상장을 목표로 기업공개(IPO) 절차를 공식화 한 LG CNS가 장외시장에서 고공행진을 하고 있다. 기존 예상 기업가치는 7조원이지만, 여러 변수 속에서도 IPO 흥행에 성공할 경우 몸"
컴퓨터,지디넷코리아,"한전KDN, ‘빛가람 에너지밸리 ICT&보안 컨퍼런스’ 사전 접수 개시",https://n.news.naver.com/mnews/article/092/0002347780,한전KDN(대표 김장현)은 오는 31일 나주 본사 빛가람홀에서 개최하는 ‘2024 빛가람에너지밸리 ICT&보안 컨퍼런스’ 참가자를 모집한다. 올해 7회째를 맞는 컨퍼런스는 에너지 ICT 분야 최신 기술 발전과 AI·
컴퓨터,지디넷코리아,"""글로벌 한국어 교육 수요 급증""…LG CNS-지나인, AI 한국어 스피킹앱 협력",https://n.news.naver.com/mnews/article/092/0002347779,"지나인(대표 선현우, 최경은)이 급증하는 한국어 교육 수요에 발맞춰 인공지능(AI)기반 교육앱 개발에 나선다. 지나인은 LG CNS와 인공지능(AI) 기술을 활용한 한국어 스피킹 앱 공동 제작에 나선다고 7일 밝혔다"
컴퓨터,지디넷코리아,"'MSP 강자' 메가존클라우드, 3년 연속 초대형 부스 꾸민다",https://n.news.naver.com/mnews/article/092/0002347771,"메가존클라우드가 국내외 파트너사와 손잡고 멀티 클라우드 사업의 미래를 그리는 장을 마련했다. 인공지능(AI)을 비롯해 양자컴퓨팅, 서비스형 소프트웨어(SaaS) 등 최신 기술을 담은 클라우드 솔루션을 한 자리에 모아"
컴퓨터,디지털데일리,"한컴, 한글날 맞아 ‘한컴오피스 2024 특별판’ 출시",https://n.news.naver.com/mnews/article/138/0002183802,한글과컴퓨터(이하 한컴)는 한글날 578돌과 창립 34주년을 기념해 ‘한컴오피스 2024 특별판’을 출시한다고 7일 밝혔다. 이번 특별판은 국내 폰트 디자인 회사 릭스폰트와 협업해 다양하고 독창적인 서체를 함께 이용
컴퓨터,지디넷코리아,엣지 AI 혁신 선도하는 노타…'넷츠프레소'로 생성 AI 시대 앞장선다,https://n.news.naver.com/mnews/article/092/0002347770,엣지 AI 분야에서 혁신을 이끌어온 노타가 생성 인공지능(AI) 시대를 맞아 새롭게 주목받고 있다. 노타는 AI 모델의 경량화와 최적화를 통해 다양한 산업군에서 효율적인 AI 솔루션을 제공해왔다. 또 그간의 전문성과
컴퓨터,지디넷코리아,"그릿지, '디노 2024'에서 1대1 맞춤형 IT 컨설팅 상담 진행",https://n.news.naver.com/mnews/article/092/0002347765,"기업들의 개발 부서의 역량 강화와 프로젝트 관리 효율성을 높이기 위해 그릿지가 '디지털 혁신 페스타(DINNO, 디노) 2024'에서 맞춤 컨설팅에 나선다. 그릿지는 오는 10일 서울 강남구 삼성동 코엑스에서 열리는"
컴퓨터,지디넷코리아,"""행정망 먹통 막자""…2026년부터 공공 정보시스템 예방점검 체계 의무화",https://n.news.naver.com/mnews/article/092/0002347764,행정안전부가 지난 1월 발표한 '디지털 행정 서비스 국민 신뢰 제고 대책'의 후속 절차로 공공 시스템 점검 기준을 새로 선보인다. 행안부는 '정보시스템 예방점검 체계'와 '정보시스템 표준 운영절차'를 마련해 내년부터
컴퓨터,지디넷코리아,"한글과컴퓨터, 한글날 맞아 한정판으로 '이것' 내놓는다",https://n.news.naver.com/mnews/article/092/0002347763,한글과컴퓨터가 한글날 578돌과 회사 창립 34주년을 기념해 특별한 제품을 선보인다. 한글과컴퓨터는 '한컴오피스 2024 특별판'을 출시한다고 7일 밝혔다. 이번 특별판은 한글날을 기념하는 차원에서 출시된 한정판으로
컴퓨터,경향신문,"이재용, 필리핀서 삼성전기 전장사업 점검···‘기회 선점’ 강조",https://n.news.naver.com/mnews/article/032/0003324750,이재용 삼성전자 회장이 필리핀에 있는 삼성전기 적층세라믹커패시터(MLCC) 사업장을 찾는 등 자동차 전자장비(전장) 사업에 힘을 싣고 있다. 7일 삼성전자에 따르면 이 회장은 전날 필리핀 칼람바에 위치한 삼성전기 생
컴퓨터,지디넷코리아,"'글로벌 호텔' 하얏트, 오라클 만나 고객 응대 더 빨라졌다",https://n.news.naver.com/mnews/article/092/0002347759,글로벌 5성급 호텔인 '하얏트 호텔 코퍼레이션'이 보다 효율적인 고객 데이터 관리를 위해 오라클과 손을 잡는다. 오라클은 하얏트 호텔이 글로벌 호텔 포트폴리오의 자산 관리 시스템(PMS)으로 '오라클 오페라 클라우드
컴퓨터,지디넷코리아,"행안위, 김영섭 KT 대표 국감 증인 출석 취소",https://n.news.naver.com/mnews/article/092/0002347758,김영섭 KT 대표의 국회 행정안전위원회 국정감사 증인 출석이 취소됐다. 김 대표는 정부 행정정보망사업 장애 및 부실을 이유로 행안위 국감 참석이 예정된 바 있다. 7일 행안위에 따르면 김 대표의 행안위 국감 출석이
컴퓨터,경향신문,2025년형 ‘LG 디오스 오브제컬렉션 김치톡톡’ 출시…맞춤형 보관 기능 강화,https://n.news.naver.com/mnews/article/032/0003324749,| 최병태 기자 piano@kyunghyang.com LG전자는 7일 한층 진화된 기술과 맞춤형 보관 기능을 탑재한 2025년형 LG 디오스 오브제컬렉션 김치톡톡을 최근 새롭게 선보였다고 밝혔다. 신제품은 전통과 현
컴퓨터,디지털데일리,"행안부, 공공시스템 장애 예방점검·표준운영절차 도입",https://n.news.naver.com/mnews/article/138/0002183791,행정안전부는 공공 정보시스템의 장애 예방 및 장애 피해 최소화를 위한 ‘정보시스템 예방점검체계’와 ‘정보시스템 표준운영절차’를 마련해 내년부터 모든 공공기관에 적용을 권고한다고 7일 밝혔다. 기관별 준비 상황과 예산
컴퓨터,아이뉴스24,"현대오토에버, '사이버 시큐리티 사업부' 출범…""모빌리티 보안 경쟁력↑""",https://n.news.naver.com/mnews/article/031/0000874348,현대오토에버는 ‘사이버 시큐리티 사업부’를 출범했다고 7일 밝혔다. 인력규모는 200여명이다. 현대오토에버는 이번 사업부 출범으로 모빌리티 보안 영역에서 차별화된 경쟁력을 극대화한다는 방침이다. 사이버 시큐리티 사업
컴퓨터,지디넷코리아,"티맥스소프트, 클라우드 미들웨어 '제우스9'·'웹투비6' 출시",https://n.news.naver.com/mnews/article/092/0002347737,티맥스소프트가 효율적인 앱 개발과 유지보수 간소화를 위한 신규 클라우드 미들웨어를 선보인다. 티맥스소프트는 클라우드 미들웨어 제품 '제우스9(JEUS9)'과 '웹투비6(WebtoB6)'를 정식 출시했다고 7일 밝혔다
컴퓨터,디지털데일리,공모주 청약 정보 한눈에...네이버페이 ‘증권 공모주’ 서비스 출시,https://n.news.naver.com/mnews/article/138/0002183781,네이버페이가 공모주 특화 서비스를 선보인다. 네이버페이(대표 박상진)는 여러 증권사 공모주 청약 정보를 한 번에 모아볼 수 있는 네이버페이 ‘증권 공모주’ 서비스를 출시했다. 네이버페이 증권 공모주 서비스는 공모주에
컴퓨터,지디넷코리아,"베스핀글로벌, 日 MSP ‘탑게이트’ 인수…일본 시장 공략 '날개'",https://n.news.naver.com/mnews/article/092/0002347732,베스핀글로벌의 일본 합작법인 ‘지젠’이 일본 클라우드 관리 서비스 사업자(MSP) 탑게이트 인수 합병 절차를 완료했다. 베스핀글로벌은 이번 인수 합병을 통해 일본 구글 클라우드 파트너 기업 중 최상위 규모로 자리매김
컴퓨터,지디넷코리아,"에스넷시스템, 유한대학교와 AI인재 육성 경쟁력 확보",https://n.news.naver.com/mnews/article/092/0002347725,"에스넷시스템(대표 유홍준, 장병강)이 대학교에서 인공지능(AI) 인재를 조기에 육성해 경쟁력 확보에 나선다 에스넷시스템은 유한대학교와 산학협력을 체결하고, AI 분야의 우수 인재로 조기 육성하기 위한 프로그램을 시작"
컴퓨터,스포츠서울,"이재용 회장, MLCC 해외 생산거점 찾아 필리핀 ‘기회 선점’ 강조",https://n.news.naver.com/mnews/article/468/0001098029,삼성전자 이재용 회장이 지난 6일 필리핀법인(SEMPHIL)을 찾아 MLCC 제품 생산현장을 점검하고 있다. 사진 | 삼성전자 이재용 삼성전자 회장이 필리핀 삼성전기 적층세라믹커패시터(MLCC) 사업을 점검하고 ▲A
컴퓨터,지디넷코리아,"워크데이, 인사·재무 프로세스 혁신 ‘AI 에이전트’ 4종 공개",https://n.news.naver.com/mnews/article/092/0002347719,"워크데이가 인사 및 재무 업무 전반을 개선하기 위한 새로운 인공지능(AI) 에이전트 4종을 공개했다. 워크데이는 채용에이전트, 경비에이전트, 승계에이전트, 워크데이 옵티마이즈를 선보인다고 7일 밝혔다. 4종의 AI"
컴퓨터,아이뉴스24,"티맥스소프트, 클라우드 미들웨어 '제우스9·웹투비6' 출시",https://n.news.naver.com/mnews/article/031/0000874293,기업용 소프트웨어 전문기업 티맥스소프트는 향상된 프레임워크와 다양해진 기능으로 강화된 클라우드 미들웨어 제품 ‘제우스9(JEUS9)’과 ‘웹투비6(WebtoB6)’를 출시했다고 7일 밝혔다. 웹애플리케이션서버(WAS
컴퓨터,디지털데일리,"현대오토에버, ‘사이버 시큐리티 사업부’ 출범…“보안역량 결집”",https://n.news.naver.com/mnews/article/138/0002183763,현대오토에버는 최근 200여명 규모의 ‘사이버 시큐리티 사업부’를 출범했다고 7일 밝혔다. 사이버 시큐리티 사업부장은 지난 7월 현대오토에버가 보안총괄임원(CISO)으로 영입한 최원혁 상무가 맡는다. 최 상무는 정보
컴퓨터,아이뉴스24,"미소정보기술, 현대제철에 AI 자율공정제어 솔루션 '스마트VI' 구축",https://n.news.naver.com/mnews/article/031/0000874275,데이터 플랫폼 전문기업 미소정보기술은 현대제철에 특수강 최적 교정을 위한 인공지능(AI)자율제조 솔루션 ‘스마트VI(smart Vision Insight)’구축을 완료했다고 7일 밝혔다. 미소정보기술이 개발한 ‘스마
게임/리뷰,스포츠월드,"네오플, 제주도 내 발달장애아동 재활치료비 지원사업 진행",https://n.news.naver.com/mnews/article/396/0000690895,"정일영 네오플 경영지원총괄 이사, 김광수 제주특별자치도교육청 교육감, 변정근 초록우산 어린이재단 제주지역본부 본부장이 기념사진을 촬영하고 있다. 넥슨 제공 넥슨의 자회사 네오플이 제주특별자치도교육청 및 초록우산과 총"
게임/리뷰,디지털타임스,`인디` 초점 맞춘 지스타2024...스팀과 생태계 확장 나선다,https://n.news.naver.com/mnews/article/029/0002906990,"11월 14일 부산 벡스코에서 개최...'인디게임 쇼케이스' 진행 ""참가사 수요 충족에 초점""...참가 심사에만 일주일 이상 소요 2년 연속 핵심, 이용자 충성도 높은 서브컬처는 '불참' 국내 최대 게임쇼 지스타가"
게임/리뷰,지디넷코리아,"한국게임개발자협회 게임마당, 온라인 게임잼 참가자 접수",https://n.news.naver.com/mnews/article/092/0002347797,한국게임개발자협회는 7일 리소스 무료 공유 플랫폼 ‘게임마당’이 다음달 개최되는 온라인 게임잼의 참가 신청 접수를 시작했다고 밝혔다. 게임마당의 첫 게임잼은 게임개발에 관심 많고 경험이 있는 16세 이상 34세 이하
게임/리뷰,스포츠월드,"컴투스 그룹, 생물 다양성 증진 위해 ‘비오톱 만들기’ 봉사",https://n.news.naver.com/mnews/article/396/0000690894,봉사활동에 참여한 컴투스 그룹 임직원이 기념사진을 촬영하고 있다. 컴투스 제공 컴투스 그룹이 생물 다양성 증진과 도심 속 자연 생태계 보전을 위한 비오톱 만들기 환경봉사활동을 진행했다. 컴투스는 지난 5일 컴투스 그
게임/리뷰,이코노미스트,"넷마블 ‘킹 아서: 레전드 라이즈’, 공식 브랜드페이지 오픈",https://n.news.naver.com/mnews/article/243/0000065745,넷마블은 북미 자회사 카밤에서 개발 중인 출시 예정 신작 ‘킹 아서: 레전드 라이즈’의 공식 브랜드페이지를 오픈했다고 7일 밝혔다. 킹 아서: 레전드 라이즈는 수집형 전략 RPG로 이용자들은 게임의 주인공인 아서가
게임/리뷰,스포츠월드,"게임문화재단, 게임과몰입 문화예술 프로그램 체험교육 성료",https://n.news.naver.com/mnews/article/396/0000690890,게임과몰입 문화예술(미술) 프로그램 체험교육 모습. 게임문화재단 제공 게임문화재단은 문화체육관광부와 한국콘텐츠진흥원과 협력해 2024 게임과몰입 문화예술(음악·미술·체육) 프로그램 체험교육(체험교육)을 성료했다고 7
게임/리뷰,포모스,"넷마블, 카밤 신작 '킹 아서: 레전드 라이즈' 브랜드 페이지 오픈",https://n.news.naver.com/mnews/article/236/0000245286,"넷마블은 북미 자회사 카밤에서 개발 중인 신작 '킹 아서: 레전드 라이즈'의 공식 브랜드페이지를 오픈했다.'킹 아서: 레전드 라이즈'는 수집형 전략 RPG로 이용자들은 게임의 주인공인 아서가 엑스칼리버와 함께 모험을 시작하는 스토리를 직접 경험할 수 있다.또, '아서왕의 전설'에..."
게임/리뷰,데일리안,"네오플, 제주도 발달장애아동 재활치료비 3억6천만원 지원",https://n.news.naver.com/mnews/article/119/0002879056,"네오플은 제주특별자치도교육청 및 초록우산과 총 3억6000만원 규모의 업무 협약을 맺고 제주도 내 발달장애아동 재활치료비 지원사업을 실시한다고 7일 밝혔다. 네오플은 발달장애아동의 일상수행능력 강화 및 자립, 경제적"
게임/리뷰,연합뉴스,"넷마블, '킹 아서: 레전드 라이즈' 브랜드 페이지 공개",https://n.news.naver.com/mnews/article/001/0014968693,넷마블이 북미 자회사 카밤이 개발 중인 수집형 전략 역할수행게임(RPG) '킹 아서: 레전드 라이즈' 공식 브랜드 페이지를 오픈했다고 7일 밝혔다. '킹 아서'는 영국 아서 왕 전설에 등장하는 다양한 영웅을 획득해
게임/리뷰,데일리안,"넷마블, 신작 ‘킹 아서: 레전드 라이즈’ 공식 페이지 공개",https://n.news.naver.com/mnews/article/119/0002879049,넷마블이 북미 자회사 카밤에서 개발 중인 신작 ‘킹 아서: 레전드 라이즈’의 공식 브랜드페이지를 7일 공개했다. 킹 아서: 레전드 라이즈는 수집형 전략 RPG(역할수행게임)다. 이용자는 주인공 ‘아서’가 엑스칼리버와
게임/리뷰,비즈워치,"日상륙 25년차 NHN, 유일무이 韓직원의 생존비결은",https://n.news.naver.com/mnews/article/648/0000029547,"""NHN플레이아트 임직원 250명 중에서 제가 유일한 한국인입니다."" 국내 게임사 NHN이 2013년 일본 도쿄에 설립한 모바일 게임 스튜디오 'NHN플레이아트'의 유일한 한국인은 정우진 NHN 대표다. 2014년부"
게임/리뷰,스포츠월드,"‘크록스 신은 쿠키들’…쿠키런X크록스, 취향껏 꾸미고 콘테스트 참여까지",https://n.news.naver.com/mnews/article/396/0000690887,쿠키런: 킹덤이 패션 브랜드 크록스와 협업을 진행한다. 데브시스터즈 제공 쿠키런과 크록스가 만나 이색적인 컬래버레이션과 이벤트를 진행한다. 데브시스터즈는 모바일 역할수행게임(RPG) ‘쿠키런: 킹덤’이 패션 브랜드
게임/리뷰,아이뉴스24,"넷마블, 신작 '킹 아서: 레전드 라이즈' 공식 브랜드 페이지 오픈",https://n.news.naver.com/mnews/article/031/0000874388,넷마블은 북미 자회사 카밤에서 개발 중인 신작 '킹 아서: 레전드 라이즈'의 공식 브랜드 페이지를 오픈했다고 7일 밝혔다. 킹 아서: 레전드 라이즈는 수집형 전략 RPG다. 이용자는 주인공 아서가 엑스칼리버와 함께
게임/리뷰,지디넷코리아,"엑스오푸드빌리지, PC방 브랜드 디렉터 서희원 신임 대표로 선임",https://n.news.naver.com/mnews/article/092/0002347777,"엑스오푸드빌리지는 7일 서희원 비앤엠컴퍼니 대표를 신임 대표로 선임했다고 밝혔다. 서희원 신임 대표는 PC방 브랜드디렉터로 잘 알려진 인물로, 현재 PC방 컨설팅 전문 기업 비앤엠컴퍼니의 대표로도 활동하고 있다. P"
게임/리뷰,아이뉴스24,"네오플, 제주도 내 발달장애아동 재활치료비 지원사업 진행",https://n.news.naver.com/mnews/article/031/0000874385,네오플(대표 윤명진)은 제주특별자치도교육청(교육감 김광수)과 초록우산(회장 황영기)과 총 3억6000만원 규모의 업무 협약을 맺고 제주도 내 발달장애아동 재활치료비 지원사업을 실시한다고 7일 밝혔다. 회사 측은 발달
게임/리뷰,포모스,"네오플, 제주도 발달장애아동 재활치료비 3년간 지원",https://n.news.naver.com/mnews/article/236/0000245285,"네오플은 제주특별자치도교육청 및 초록우산과 총 3억 6000만 원 규모의 업무 협약을 맺고 제주도 내 발달장애아동 재활치료비 지원사업을 실시한다고 7일 밝혔다.네오플은 발달장애아동의 일상수행능력 강화 및 자립, 경제적 부담 감소를 돕기 위해 오는 2027년 9월까지 3년간 도내 만 18세 미만의 발달장애아동 총 40명에게..."
게임/리뷰,포모스,"홈런 클래시2, 보드람치킨과 제휴 프로모션 진행",https://n.news.naver.com/mnews/article/236/0000245284,"해긴은 모바일 야구 게임 '홈런 클래시2: 레전드 더비(이하 홈런 클래시2)'와 보드람치킨이 제휴 프로모션을 진행한다고 밝혔다.이번 프로모션은 31일까지 진행되며, 프로모션 기간 보드람치킨을 방문해 '홈런 클래시2' 세트를 주문하면 치킨과 함께 약 3만원 상당의 게임 아이템이 담긴 특별 쿠폰을..."
게임/리뷰,디지털데일리,"‘TL’ 초반 질주, 엔씨 글로벌 도약 마중물 될까",https://n.news.naver.com/mnews/article/138/0002183812,"글로벌 시장에 출시한 엔씨소프트(이하 엔씨)의 다중접속역할수행게임(MMORPG) ‘쓰론앤리버티(이하 TL)’가 초반 흥행에 성공했다. 당장의 실적 돌파구가 되는 것에서 나아가, 향후 엔씨 글로벌 진출의 마중물이 될"
게임/리뷰,디지털데일리,"[국감2024] 문체부, “콘솔·인디·AI 활용 게임 집중 지원”",https://n.news.naver.com/mnews/article/138/0002183811,문화체육관광부(문체부)가 콘솔·인디게임과 더불어 인공지능(AI) 활용 게임을 집중 지원해 글로벌 게임 강국으로 도약하겠다고 밝혔다. 7일 국회에 따르면 문체부는 국정감사를 앞두고 문화체육관광위원회에 제출한 업무현황보
게임/리뷰,디지털데일리,"컴투스 그룹, 생물 다양성 증진 위한 환경봉사활동 진행",https://n.news.naver.com/mnews/article/138/0002183808,컴투스 그룹이 생물 다양성 증진과 도심 속 자연 생태계 보전을 위한 비오톱 만들기 환경봉사활동을 진행했다. 지난 7일 국내 최초의 생태공원인 여의도 샛강생태공원에서 진행된 이번 봉사활동에는 컴투스 그룹 계열사 임직원
게임/리뷰,매일경제,"네오플, 발달장애아동 재활치료비 지원 3억6천만원 지원",https://n.news.naver.com/mnews/article/009/0005375282,네오플(대표 윤명진)은 제주특별자치도교육청(교육감 김광수)·초록우산(회장 황영기)과 총 3억 6000만 원 규모의 업무 협약을 맺고 제주도 내 발달장애아동 재활치료비 지원사업을 실시한다고 7일 밝혔다. 네오플은 발달
게임/리뷰,스포츠월드,"넥슨재단, 발달장애 청년 자립 지원 행사 개최…‘푸르메 낭만여행’",https://n.news.naver.com/mnews/article/396/0000690882,"넥슨재단이 발달장애 청년 자립 지원 프로젝트 ‘나누는맘 함께하고팜’ 캠페인의 일환으로 오프라인 행사 ‘떠나요, 푸르메 낭만여행’을 개최한다. 넥슨재단 제공 넥슨재단이 발달장애 청년의 자립을 지원하기 위해 행사를 개최"
게임/리뷰,포모스,'나 혼자만 레벨업:어라이즈 챔피언십' 개최...초대 우승자에 광광 선수 올라,https://n.news.naver.com/mnews/article/236/0000245283,"넷마블은 액션 게임 '나 혼자만 레벨업:어라이즈'의 첫 오프라인 대회 '나 혼자만 레벨업:어라이즈 챔피언십'을 지난 5일 서울 잠실 비타500 콜로세움에서 열었다.  게임 내 '시간의 전장'으로 실력을 겨루는 대회로, 지난달 25일 본선 관람 티켓 1차 판매 당시 100장이 5분..."
게임/리뷰,아이뉴스24,"원유니버스, 베트남 VN스튜디오 ISO27001 인증 취득",https://n.news.naver.com/mnews/article/031/0000874377,원유니버스는 베트남 현지 VN스튜디오가 국제 정보보안관리 표준인 ‘ISO27001’ 인증을 획득했다고 7일 밝혔다. ISO27001은 국제표준화기구(ISO)와 국제전기기술위원회(IEC)가 제정한 정보보안관리 체계에
게임/리뷰,매일경제,"크래프톤, PMPS 2024 시즌3‘ DRX 우승…7회 우승 달성",https://n.news.naver.com/mnews/article/009/0005375279,크래프톤(대표 김창한)은 ‘배틀그라운드 모바일 프로 시리즈 2024(이하 PMPS 2024) 시즌 3’에서 디알엑스(DRX)가 우승을 차지했다고 7일 밝혔다. PMPS는 국내 ‘배틀그라운드 모바일’ e스포츠의 최강팀
게임/리뷰,포모스,"""미술관을 닮은 NHN재팬 사옥 'NHN아틀리에'를 가다""",https://n.news.naver.com/mnews/article/236/0000245282,"일본 도쿄의 미나토구는 비즈니스 중심의 지역구로 알려져 있다.소니, 혼다 등 일본을 대표하는 기업들의 빌딩이 늘어서 있으며 아침과 저녁 시간에는 출퇴근하려는 샐러리맨들로 북적거리는 공간이다.이곳 미나토구 한편에는 NHN재팬의 사옥 NHN아틀리에가 자리잡고 있다.신사옥 NHN아틀리에는 NHN의 일본법인을 총괄하는 NHN재팬..."
게임/리뷰,포모스,"""게임과 애니메이션 성지 이케부쿠로에 자리 잡은 #콤파스 카페""",https://n.news.naver.com/mnews/article/236/0000245281,"일본 도쿄의 이케부쿠로 지역은 전자 상가가 밀집한 아키하바라 못지않게 게임과 애니메이션의 성지로 불린다.특히, 여성향 애니메이션과 게임 팬들을 위한 상가가 밀집돼 있어 일본의 여성 마니아들이 자주 방문하는 장소다.NHN플레이아트는 이케부쿠로와 오사카에서 자사가 서비스하는 모바일 대전 게임 '#콤파스'의 카페..."
게임/리뷰,디지털타임스,"네오플, 제주도 내 발달장애아동 재활치료 지원",https://n.news.naver.com/mnews/article/029/0002906970,"만 18세 미만 40명에 3년간 인당 연간 300만원 지급 네오플은 제주특별자치도교육청, 초록우산과 3억6000만원 규모의 업무협약을 체결하고 제주도 내 발달장애아동 재활치료비 지원사업을 실시한다고 7일 밝혔다. 네"
게임/리뷰,포모스,"[인터뷰]""NHN플레이아트는 일본의 문화를 지닌 개발진이 만들어 가는 회사""",https://n.news.naver.com/mnews/article/236/0000245280,"NHN의 일본 자회사 NHN플레이아트가 도쿄 미나토구에서 사옥 NHN아뜰리에서 신작 개발에 집중한다.이 회사는 현재 '디즈니 츠무츠무'를 개발하고 라인야후를 통해 10년 이상 서비스하고 있다.또, 일본의 젊은 세대를 겨냥한 대전 게임 '#콤파스'와 전 연령을 아우르는 퍼즐 게임 '요괴워..."
게임/리뷰,포모스,"NHN플레이아트, ""일본 시장에서 흥행 비결은 현재 팬덤 문화의 이해""",https://n.news.naver.com/mnews/article/236/0000245279,"NHN플레이아트가 도쿄 미나토구에 위치한 사옥 NHN아틀리에서 일본 시장의 성과와 함께 향후 전략에 대해 소개했다. 이 회사의 대표작이자 라인야후가 서비스하는 '디즈니 츠무츠무'를 비롯해 '요괴워치 뿌니뿌니', 대전"
과학 일반,연합뉴스,"""연구개발 예산 삭감·기관장 공백에 연구 현장 사기 저하""",https://n.news.naver.com/mnews/article/001/0014968848,"공공과기연구노조, 국정감사 정책요구안 발표 공공과학기술연구노동조합은 과학기술 분야 공공 연구기관에 대한 국정감사를 앞두고 7일 기자회견을 열어 정책 요구안을 발표했다. 노조는 ""대통령 말 한마디로 갑작스럽게 삭감됐던"
과학 일반,동아사이언스,"텔레픽스, 건국대와 원격탐사 연구·인재 양성 MOU",https://n.news.naver.com/mnews/article/584/0000028981,위성 토탈 솔루션 기업 텔레픽스가 건국대와 위성특화 인공지능(AI)과 원격탐사 관련 연구 및 인재 양성을 위한 업무협약(MOU)을 맺었다. 텔레픽스는 9월 30일 건국대 에코업(業)혁신융합대학사업단과 세계적인 원격탐
과학 일반,조선비즈,"[위고비 쇼크] 美 성인 비만율, 24년 만에 첫 감소세…“위고비·젭바운드 효과”",https://n.news.naver.com/mnews/article/366/0001022413,美CDC “2021~2023년 성인 비만율 2%p↓ 줄곧 상승하다 위고비 나오자 첫 감소세 비만약 사용 확대시 전 세계 비만율 줄어들 것” 지난 2000년도부터 미국에서 상승 곡선을 그리던 성인 비만율이 지난해 처음
과학 일반,연합뉴스,답변하는 이진숙 방통위원장,https://n.news.naver.com/mnews/article/001/0014968798,이진숙 방송통신위원장이 7일 오후 서울 여의도 국회 과학기술정보방송통신위원회 국정감사에서 위원 질문에 답하고 있다. 이 위원장은 야당이 단독 처리한 탄핵소추로 직무가 정지된 상태라 기관 증인이 아닌 일반 증인으로 출
과학 일반,아시아경제,AI가 바꾼 과학연구 패러다임‥노벨상도 수상?,https://n.news.naver.com/mnews/article/277/0005480872,"""AI 기술은 기초 과학 연구실과 산업 현장에서 새로운 발견의 시대를 열었다. 놀라운 정확도로 단백질 구조를 예측하는 능력은 생물학적 메커니즘을 이해하고 약물 개발을 가속하는 데 있어 전례 없는 진전으로 이어졌다."""
과학 일반,조선비즈,"조규홍 “현재 의료공백, 사회적 재난에 준해… 건보 재정 투입 불가피”",https://n.news.naver.com/mnews/article/366/0001022410,2024 국정감사 조규홍 보건복지부 장관이 “현재 한국 의료체계가 ‘사회적 재난에 준하는 상황’에 처했다”고 인정하며 “건강보험 재정 투입이 불가피하다”고 말했다. 조 장관은 7일 국회 보건복지위원회에서 열린 보건복
과학 일반,서울경제,"고바이오랩, 소아 자폐스펙트럼장애 대상 인체적용시험 돌입",https://n.news.naver.com/mnews/article/011/0004400027,고바이오랩(348150)이 소아 자폐스펙트럼장애 아동을 대상으로 인체적용시험에 돌입했다고 7일 밝혔다. 자폐스펙트럼장애는 대표적인 난치성 신경발달장애로 현재까지 명확한 치료법이 없다. 고바이오랩은 오미애 경희대학교병
과학 일반,동아사이언스,그린란드 빙하에서 찾아낸 백두산 '천년분화'의 흔적,https://n.news.naver.com/mnews/article/584/0000028980,국내 연구진이 그린란드 빙하에서 1000년 전 일어났던 강력한 백두산 화산폭발의 양상을 새롭게 밝혀냈다. 일명 '천년분화'라고 불리는 강력한 폭발이 추운 겨울철 1~2개월 간격으로 두 번에 걸쳐 발생한 것으로 나타났
과학 일반,매일경제,"대한항공, 한국발 기내식에 국산 식자재 사용 늘린다",https://n.news.naver.com/mnews/article/009/0005375346,올해 국산 식자재 비중 64%로 국산 농·수산물 소비 활성화 기여 대한항공이 한국발 국제선 출발편 기내식에 쓰이는 국산 식자재 비중을 지속적으로 늘려 나가기로 했다고 7일 밝혔다. 대한항공은 기내식 식자재 국산화를
과학 일반,뉴스1,"""의료공백 수습에 건강보험 2.3조 투입""…복지장관 ""불가피""",https://n.news.naver.com/mnews/article/421/0007829000,"강승지 임세원 조유리 기자 = 의정갈등이 8개월째 접어든 가운데 의료공백 사태 수습에 투입됐거나 활용될 국민건강보험 재정이 2조3448억원으로 집계됐다. 이에 대해 조규홍 보건복지부 장관은 ""현재 의료상황은 사회적"
과학 일반,전자신문,"[단독]상승세 탔던 출연연 기술료 수입, 5년만에 처음 꺾였다",https://n.news.naver.com/mnews/article/030/0003245314,"지난해 정부 출연연구기관의 기술이전 수입료가 처음으로 감소세로 전환했다. 기술 사업화를 뒷받침하는 전문 인력도 5년간 늘지 않았다. 기업 수요 중심의 기술개발로 국가 연구개발(R&D)의 효율성을 높이고, 출연연의 전"
과학 일반,뉴스1,"울산 북구 인근 해역서 2.2 지진…""피해 없을 것""",https://n.news.naver.com/mnews/article/421/0007828986,"황덕현 기후환경전문기자 = 7일 오후 3시 9분쯤 울산 북구 동북동쪽 약 26㎞ 해역에서 리히터 규모 2.2 지진이 발생했다. 기상청에 따르면 이 지진은 동경 129.63도, 북위 35.67도 지점에서 발생했다. 발"
과학 일반,디지털타임스,가속기·발사체 등 구축형 R&D사업에 `사전심사제도` 도입 추진,https://n.news.naver.com/mnews/article/029/0002906987,"과기정통부, 과기기본법 개정안 입법예고 사전검토 및 계획변경 가능..내달 18일까지 과학기술정보통신부는 연구개발(R&D) 사업 예비타당성조사(예타) 폐지에 따라 가속기나 우주발사체 등 대규모 구축형 R"
과학 일반,서울신문,괴물 블랙홀이 뿜는 제트가 신성을 만든다 [아하! 우주],https://n.news.naver.com/mnews/article/081/0003485245,"지구에서 처녀자리 방향으로 5,300만 광년 떨어진 M87 (메시에 87) 혹은 처녀자리 A 은하는 거리에도 불구하고 아주 오래전부터 알려진 은하다. 1781년에 프랑스의 천문학자 샤를 메시에가 처음 관측해서 메시에"
과학 일반,연합뉴스,국정감사 참석한 이진숙 방통위원장,https://n.news.naver.com/mnews/article/001/0014968696,이진숙 방송통신위원장(오른쪽)이 7일 오후 서울 여의도 국회 과학기술정보방송통신위원회 국정감사에 참석해 물을 마시고 있다. 이 위원장은 야당이 단독 처리한 탄핵소추로 직무가 정지된 상태라 기관 증인이 아닌 일반 증인
과학 일반,뉴스1,"국제성모병원 구본대 교수, 보건복지부장관 표창 수상",https://n.news.naver.com/mnews/article/421/0007828962,가톨릭관동대 국제성모병원은 신경과 구본대 교수가 최근 치매 극복의 날을 맞아 보건복지부장관 표창을 수상했다고 7일 밝혔다. 구본대 교수는 치매예방 및 치매환자 치료·관리에 헌신적으로 기여한 공로를 인정받아 이번 표창
과학 일반,지디넷코리아,"태양이 ‘거대 망원경’ 변신?...""어떤 망원경보다 강력"" [우주로 간다]",https://n.news.naver.com/mnews/article/092/0002347781,천체망원경은 렌즈나 반사경이 클수록 많은 빛을 모을 수 있기 때문에 어두운 천체를 관측할 때는 가능한 한 큰 망원경을 사용하는 것이 좋다고 알려져 있다. 이 아이디어에서 착안해 태양을 거대 망원경으로 이용하는 ‘태양
과학 일반,서울경제,"“韓, 국제 특허소송 허브 만들자”…지재위, 전문가 세미나 개최",https://n.news.naver.com/mnews/article/011/0004399999,"한국이 미국이나 유럽처럼 국제 특허소송 허브로 도약하기 위한 방안을 논의하는 전문가 세미나가 열렸다. 대통령 소속 국가지식재산위원회는 법원 국제분쟁해결시스템연구회, 지식재산단체총연합회와 함께 7일 서울 서초구 엘타워"
과학 일반,연합뉴스,"[게시판] 지재위, IP 분쟁 해결시스템 구축 세미나 개최",https://n.news.naver.com/mnews/article/001/0014968660,▲ 국가지식재산위원회는 7일 서울 서초구 엘타워에서 법원 국제분쟁해결시스템 연구회 및 지식재산단체총연합회와 '새로운 국제 지식재산(IP) 분쟁 해결시스템 구축을 위한 세미나'를 열었다. 세미나에서는 국제분쟁 전문법원
과학 일반,디지털타임스,"올해 가장 아름다운 우리말 상표는?…`꽃, 밥에 피다` 선정",https://n.news.naver.com/mnews/article/029/0002906980,"특허청, '우리말 우수상표' 7건 뽑아 '솜씨가', '눈결소금', '맛있개도냥냥' 등 특허청은 제578돌 한글날을 맞아 우리말 상표 출원과 사용을 장려하기 위해 '제9회 우리말 우수상표'를 선정했다고 7일 밝혔다."
과학 일반,뉴스1,"의학교육협 ""교육부, 의평원 무력화 시도…부당한 압력 행사""",https://n.news.naver.com/mnews/article/421/0007828939,"한국의학교육협회가 교육부가 의대 평가기관인 한국의학교육평가원을 무력화하고 있다며 반발했다. 한국의학교육협의회(의교협)는 7일 성명서를 통해 ""정부가 시도하고 있는 '고등교육기관의 평가인증 등에 관한 규정' 일부개정을"
과학 일반,디지털타임스,차세대 이차전지 음극재 30초 만에 `뚝딱`…전자레인지 원리 활용한 공정기술 확보,https://n.news.naver.com/mnews/article/029/0002906976,"전기연, 나트륨 이온전지 '하드카본 음극' 제조 마이크로파 유도가열기술 적용..신속 생산 체제 차세대 이차전지로 각광받는 나트륨 이온 전지의 음극재를 30초 만에 빠르고 쉽게 제조할 수 있는 공정 기술이 개발됐다."
과학 일반,연합뉴스,"삼양홀딩스 바이오팜, 진코어와 유전자 치료제 연구 계약",https://n.news.naver.com/mnews/article/001/0014968614,삼양홀딩스 바이오팜그룹은 유전자 가위 기술 전문 기업 진코어와 유전자 치료제 공동 연구 계약을 체결했다고 7일 밝혔다. 이번 계약은 삼양홀딩스의 유전자 전달 기술 플랫폼 'SENS'와 진코어의 유전자 편집 기술 'T
과학 일반,동아사이언스,[노벨상 2024] 7일부터 생리의학상…노벨상만큼 값진 과학상은?,https://n.news.naver.com/mnews/article/584/0000028979,과학자들에게 매년 10월은 설레는 시기다. 노벨 과학상 수상자가 발표되는 달이기 때문이다. 올해 노벨 과학상은 7일(현지시간) 생리의학상 부문을 시작으로 발표된다. 6일 뉴욕타임즈는 노벨상 수상 일정을 정리하면서 노
과학 일반,뉴스1,"의대생들 ""조건부 휴학 승인은 권리 침해…교육부 농단에 동요 말자""",https://n.news.naver.com/mnews/article/421/0007828825,"강승지 장성희 기자 = 정부가 내년 복귀를 전제로 의대생 휴학을 승인하라는 방침을 낸 데 대해 의대생 단체 대표들이 ""학생의 권리에 대한 침해이자 강요·협박""이라며 ""학생 여러분께서는 조건부 휴학 승인을 운운하며 혼"
과학 일반,조선비즈,[2024 노벨상] ‘노벨상 관문’ 어떤 상 있나,https://n.news.naver.com/mnews/article/366/0001022381,"래스커상·브레이크스루상·울프상 받고 노벨상 수상 많아 올해 노벨상은 7일 오후 6시 30분(한국 시간) 생리의학상을 시작으로 8일 물리학상, 9일 화학상 순으로 수상자가 발표된다. 노벨상은 심사 과정에서 철저한 보안"
과학 일반,디지털타임스,"보령, 항암제 약가 인상…""안정적 공급에 더욱 매진""",https://n.news.naver.com/mnews/article/029/0002906972,보령이 항암제인 이피에스주와 보령에피루비신염산염주 약가 조정을 계기로 항암제 국산화와 안정적 공급에 더욱 매진하겠다고 7일 밝혔다. 최근 보건복지부가 고시한 '약제 급여 목록 및 급여 상한금액표' 일부개정에 따르면
과학 일반,디지털타임스,"""음성 안내로 고령자도 손쉽게""…한독, 자동전자혈압계 2종 출시",https://n.news.naver.com/mnews/article/029/0002906971,한독이 의료기기 전문기업 셀바스 헬스케어와 협약을 맺고 가정용 자동전자혈압계 2종을 출시했다고 7일 밝혔다. 이번에 선보인 바로잰 펄스와 바로잰 펄스 플러스는 대한고혈압학회 2022년 고혈압 진료 지침에 따른 혈압
과학 일반,뉴스1,"건양대병원, 17일 암센터서 ‘유방암 건강강좌’",https://n.news.naver.com/mnews/article/421/0007828819,대전 건양대병원이 17일 암센터 5층 대강당에서 유방암 관련 건강강좌를 개최한다고 7일 밝혔다. 이번 강좌는 세계보건기구(WHO)가 정한 ‘세계 유방암의 날(10월 19일)’을 기념해 건양대병원 유방·갑상선암 다학제
과학 일반,동아사이언스,전자레인지 원리로 나트륨 이온 전지 음극재 제조,https://n.news.naver.com/mnews/article/584/0000028978,"국내 연구팀이 전자레인지 원리를 활용해 차세대 이차전지인 나트륨(Na) 이온 전지의 음극을 30초 만에 제조하는 기술을 개발했다. 한국전기연구원(KERI)은 김대호 나노융합연구센터 책임연구원, 박종환 책임연구원 연구"
